Depth,Overall
0,155899704
1,9523309
2,5723452
3,4368166
4,3666574
5,3308878
6,3149052
7,3226749
8,3554512
9,4221702
10,5266600
11,6718471
12,8473117
13,10432540
14,12461684
15,14363940
16,16027293
17,17401829
18,18496101
19,19497973
20,20663188
21,22341724
22,24861624
23,28547630
24,33679882
25,40297665
26,48468455
27,58024201
28,68673161
29,80059118
30,91664544
31,102911635
32,113405838
33,122598301
34,129939150
35,135201577
36,138214306
37,138729945
38,136936828
39,132994845
40,127041932
41,119566187
42,110776432
43,101152689
44,91016731
45,80768046
46,70701344
47,61055259
48,52074681
49,43837025
50,36459134
51,29953270
52,24326875
53,19540188
54,15530618
55,12216733
56,9515568
57,7353397
58,5636636
59,4292891
60,3243568
61,2452246
62,1848271
63,1395062
64,1058174
65,814177
66,633307
67,499750
68,404435
69,333450
70,283277
71,243224
72,216864
73,195263
74,179675
75,165132
76,154131
77,144473
78,134853
79,126519
80,119906
81,114762
82,107860
83,103327
84,98030
85,92460
86,87526
87,83743
88,79372
89,74620
90,70497
91,67204
92,63200
93,60604
94,57362
95,54618
96,52276
97,49489
98,46843
99,44570
100,43149
101,41032
102,38814
103,38364
104,37173
105,35867
106,34832
107,33851
108,32534
109,31993
110,31043
111,29963
112,29302
113,28342
114,27258
115,26233
116,25599
117,24651
118,24144
119,23055
120,22659
121,21589
122,21703
123,20584
124,19684
125,19541
126,18420
127,17877
128,17778
129,16826
130,16226
131,15616
132,14783
133,14475
134,14268
135,13159
136,12598
137,11936
138,11547
139,10975
140,10691
141,10082
142,10174
143,9318
144,8929
145,8495
146,7897
147,7623
148,7190
149,6986
150,6899
151,6617
152,6422
153,6084
154,5874
155,5536
156,5480
157,5261
158,5459
159,5002
160,4966
161,4924
162,4632
163,4598
164,4813
165,4332
166,4584
167,4530
168,4247
169,4218
170,4114
171,4093
172,4119
173,4023
174,3921
175,3639
176,3780
177,3965
178,3773
179,3707
180,3468
181,3500
182,3469
183,3559
184,3344
185,3479
186,3333
187,3038
188,3086
189,3285
190,3195
191,3019
192,2980
193,2956
194,2695
195,2688
196,2727
197,2696
198,2805
199,2555
200,2713
201,2752
202,2604
203,2538
204,2583
205,2595
206,2526
207,2473
208,2556
209,2553
210,2349
211,2443
212,2486
213,2372
214,2364
215,2381
216,2308
217,2254
218,2130
219,2138
220,2039
221,2088
222,2170
223,2010
224,1923
225,1874
226,1757
227,1743
228,1731
229,1873
230,1851
231,1702
232,1860
233,1857
234,1870
235,1874
236,1931
237,1826
238,1695
239,1704
240,1665
241,1691
242,1719
243,1732
244,1613
245,1674
246,1740
247,1644
248,1731
249,1722
250,1737
251,1729
252,1648
253,1556
254,1590
255,1595
256,1692
257,1511
258,1456
259,1510
260,1400
261,1366
262,1457
263,1507
264,1407
265,1393
266,1391
267,1404
268,1390
269,1286
270,1413
271,1386
272,1329
273,1383
274,1354
275,1357
276,1246
277,1286
278,1254
279,1271
280,1252
281,1262
282,1249
283,1285
284,1164
285,1198
286,1216
287,1176
288,1098
289,1218
290,1165
291,1124
292,1097
293,1012
294,1041
295,1066
296,1066
297,1074
298,1011
299,987
300,987
301,951
302,925
303,871
304,896
305,905
306,932
307,941
308,870
309,916
310,884
311,900
312,943
313,851
314,864
315,854
316,836
317,843
318,803
319,788
320,807
321,805
322,858
323,918
324,792
325,792
326,810
327,748
328,787
329,728
330,692
331,736
332,730
333,695
334,678
335,689
336,685
337,635
338,645
339,702
340,728
341,698
342,816
343,620
344,647
345,660
346,685
347,740
348,740
349,671
350,626
351,595
352,612
353,647
354,619
355,633
356,566
357,536
358,600
359,550
360,535
361,599
362,514
363,590
364,544
365,600
366,601
367,635
368,626
369,553
370,551
371,552
372,581
373,552
374,506
375,552
376,539
377,590
378,533
379,459
380,471
381,503
382,470
383,474
384,492
385,478
386,475
387,464
388,434
389,478
390,461
391,470
392,482
393,501
394,523
395,495
396,467
397,507
398,472
399,438
400,432
401,396
402,435
403,477
404,407
405,519
406,444
407,498
408,469
409,411
410,418
411,413
412,465
413,378
414,416
415,461
416,433
417,419
418,405
419,415
420,451
421,441
422,439
423,426
424,421
425,445
426,480
427,396
428,374
429,390
430,415
431,418
432,398
433,428
434,435
435,403
436,417
437,444
438,423
439,403
440,397
441,426
442,397
443,385
444,370
445,328
446,430
447,477
448,412
449,416
450,398
451,413
452,380
453,365
454,415
455,419
456,357
457,426
458,386
459,370
460,421
461,432
462,396
463,401
464,402
465,391
466,355
467,386
468,368
469,378
470,360
471,352
472,381
473,362
474,374
475,342
476,328
477,333
478,390
479,366
480,334
481,355
482,328
483,371
484,343
485,311
486,350
487,322
488,331
489,349
490,323
491,287
492,282
493,329
494,338
495,340
496,305
497,313
498,322
499,317
500,326
501,322
502,344
503,375
504,342
505,340
506,317
507,274
508,271
509,267
510,259
511,296
512,270
513,251
514,324
515,277
516,269
517,229
518,270
519,262
520,256
521,252
522,270
523,253
524,304
525,258
526,265
527,249
528,267
529,259
530,260
531,248
532,272
533,279
534,259
535,278
536,251
537,279
538,298
539,264
540,287
541,250
542,274
543,266
544,238
545,236
546,252
547,271
548,249
549,289
550,277
551,263
552,271
553,238
554,303
555,284
556,257
557,256
558,277
559,234
560,232
561,269
562,253
563,248
564,251
565,221
566,228
567,253
568,254
569,244
570,252
571,266
572,221
573,196
574,226
575,223
576,205
577,216
578,204
579,196
580,217
581,198
582,227
583,195
584,219
585,245
586,220
587,253
588,243
589,250
590,236
591,247
592,235
593,227
594,243
595,230
596,206
597,246
598,218
599,208
600,196
601,200
602,163
603,202
604,250
605,206
606,183
607,213
608,226
609,227
610,208
611,186
612,199
613,223
614,245
615,241
616,282
617,204
618,201
619,216
620,184
621,194
622,219
623,194
624,209
625,190
626,194
627,206
628,180
629,204
630,206
631,197
632,160
633,176
634,188
635,185
636,184
637,201
638,180
639,209
640,188
641,201
642,187
643,174
644,188
645,162
646,168
647,172
648,181
649,183
650,199
651,174
652,171
653,196
654,192
655,195
656,186
657,157
658,194
659,172
660,219
661,186
662,178
663,173
664,178
665,150
666,151
667,150
668,156
669,181
670,177
671,170
672,206
673,201
674,186
675,178
676,174
677,179
678,166
679,175
680,171
681,171
682,163
683,176
684,167
685,168
686,178
687,178
688,183
689,212
690,206
691,197
692,188
693,225
694,213
695,196
696,206
697,211
698,207
699,199
700,224
701,228
702,199
703,169
704,179
705,200
706,199
707,162
708,194
709,183
710,170
711,196
712,207
713,194
714,212
715,203
716,212
717,186
718,184
719,178
720,183
721,192
722,198
723,191
724,169
725,196
726,173
727,182
728,200
729,183
730,190
731,172
732,233
733,190
734,186
735,191
736,166
737,191
738,162
739,176
740,181
741,163
742,154
743,171
744,182
745,159
746,167
747,147
748,191
749,151
750,179
751,153
752,177
753,149
754,161
755,143
756,140
757,150
758,159
759,156
760,132
761,152
762,155
763,155
764,173
765,173
766,152
767,149
768,155
769,150
770,188
771,164
772,139
773,150
774,155
775,142
776,174
777,165
778,155
779,160
780,170
781,174
782,150
783,158
784,139
785,132
786,130
787,146
788,144
789,132
790,113
791,148
792,153
793,121
794,139
795,149
796,131
797,142
798,146
799,134
800,146
801,146
802,136
803,132
804,156
805,160
806,170
807,154
808,154
809,118
810,132
811,145
812,135
813,159
814,151
815,136
816,139
817,131
818,127
819,138
820,136
821,130
822,139
823,137
824,133
825,131
826,147
827,141
828,125
829,123
830,131
831,122
832,137
833,127
834,119
835,152
836,112
837,105
838,106
839,115
840,129
841,96
842,119
843,106
844,107
845,101
846,108
847,119
848,110
849,121
850,107
851,120
852,105
853,136
854,104
855,107
856,123
857,127
858,108
859,115
860,98
861,114
862,112
863,104
864,96
865,109
866,93
867,116
868,118
869,98
870,135
871,94
872,111
873,102
874,120
875,114
876,112
877,127
878,111
879,81
880,89
881,108
882,118
883,114
884,112
885,105
886,108
887,103
888,108
889,94
890,122
891,99
892,103
893,94
894,92
895,113
896,106
897,81
898,88
899,88
900,101
901,80
902,86
903,99
904,90
905,105
906,114
907,125
908,105
909,99
910,105
911,105
912,113
913,101
914,129
915,82
916,82
917,85
918,84
919,100
920,101
921,103
922,78
923,89
924,92
925,101
926,97
927,97
928,101
929,91
930,98
931,82
932,69
933,82
934,104
935,91
936,87
937,90
938,82
939,97
940,88
941,98
942,92
943,85
944,73
945,101
946,80
947,79
948,88
949,91
950,101
951,89
952,76
953,71
954,85
955,78
956,73
957,74
958,79
959,70
960,98
961,84
962,90
963,91
964,88
965,112
966,83
967,81
968,92
969,75
970,74
971,68
972,84
973,71
974,74
975,81
976,79
977,92
978,81
979,74
980,93
981,71
982,67
983,75
984,66
985,77
986,71
987,80
988,67
989,68
990,72
991,73
992,96
993,80
994,73
995,69
996,57
997,79
998,74
999,61
1000,65
1001,76
1002,72
1003,61
1004,84
1005,107
1006,78
1007,80
1008,63
1009,78
1010,65
1011,72
1012,75
1013,76
1014,63
1015,61
1016,69
1017,63
1018,70
1019,88
1020,62
1021,63
1022,74
1023,65
1024,59
1025,66
1026,65
1027,70
1028,54
1029,48
1030,62
1031,43
1032,53
1033,53
1034,51
1035,71
1036,61
1037,67
1038,61
1039,61
1040,57
1041,60
1042,66
1043,65
1044,68
1045,68
1046,57
1047,62
1048,53
1049,55
1050,69
1051,54
1052,75
1053,65
1054,75
1055,61
1056,76
1057,58
1058,75
1059,55
1060,64
1061,74
1062,67
1063,65
1064,68
1065,65
1066,61
1067,79
1068,73
1069,82
1070,65
1071,60
1072,58
1073,56
1074,54
1075,65
1076,58
1077,66
1078,60
1079,48
1080,54
1081,61
1082,41
1083,63
1084,71
1085,61
1086,69
1087,73
1088,34
1089,50
1090,61
1091,47
1092,63
1093,60
1094,60
1095,66
1096,55
1097,60
1098,58
1099,54
1100,59
1101,47
1102,58
1103,40
1104,46
1105,51
1106,51
1107,56
1108,61
1109,58
1110,46
1111,52
1112,56
1113,57
1114,53
1115,40
1116,61
1117,58
1118,79
1119,42
1120,59
1121,53
1122,41
1123,43
1124,64
1125,76
1126,44
1127,54
1128,44
1129,53
1130,59
1131,62
1132,60
1133,58
1134,50
1135,50
1136,54
1137,60
1138,58
1139,62
1140,53
1141,73
1142,56
1143,36
1144,72
1145,51
1146,50
1147,43
1148,36
1149,57
1150,53
1151,45
1152,57
1153,67
1154,47
1155,59
1156,74
1157,76
1158,59
1159,56
1160,55
1161,49
1162,64
1163,45
1164,45
1165,53
1166,50
1167,59
1168,49
1169,60
1170,57
1171,61
1172,51
1173,61
1174,51
1175,40
1176,48
1177,43
1178,36
1179,59
1180,55
1181,39
1182,64
1183,57
1184,35
1185,46
1186,62
1187,44
1188,58
1189,56
1190,66
1191,48
1192,45
1193,40
1194,70
1195,50
1196,48
1197,58
1198,53
1199,55
1200,59
1201,54
1202,53
1203,86
1204,52
1205,60
1206,39
1207,54
1208,40
1209,53
1210,54
1211,55
1212,57
1213,61
1214,41
1215,55
1216,46
1217,32
1218,43
1219,56
1220,54
1221,64
1222,45
1223,54
1224,50
1225,58
1226,46
1227,38
1228,45
1229,39
1230,51
1231,35
1232,56
1233,52
1234,53
1235,58
1236,38
1237,47
1238,47
1239,54
1240,47
1241,49
1242,41
1243,48
1244,39
1245,54
1246,41
1247,33
1248,42
1249,40
1250,39
1251,37
1252,48
1253,42
1254,42
1255,52
1256,54
1257,39
1258,42
1259,51
1260,62
1261,43
1262,40
1263,51
1264,58
1265,57
1266,50
1267,48
1268,53
1269,45
1270,48
1271,62
1272,48
1273,51
1274,47
1275,32
1276,34
1277,52
1278,44
1279,45
1280,43
1281,37
1282,37
1283,43
1284,48
1285,47
1286,44
1287,51
1288,40
1289,47
1290,51
1291,38
1292,36
1293,37
1294,42
1295,44
1296,51
1297,35
1298,27
1299,60
1300,48
1301,50
1302,53
1303,65
1304,55
1305,58
1306,45
1307,57
1308,44
1309,47
1310,53
1311,58
1312,66
1313,54
1314,56
1315,59
1316,41
1317,44
1318,57
1319,46
1320,57
1321,53
1322,59
1323,57
1324,58
1325,59
1326,53
1327,44
1328,52
1329,35
1330,57
1331,43
1332,40
1333,37
1334,62
1335,41
1336,51
1337,68
1338,59
1339,90
1340,59
1341,46
1342,64
1343,51
1344,56
1345,56
1346,37
1347,37
1348,39
1349,49
1350,56
1351,40
1352,45
1353,48
1354,56
1355,44
1356,44
1357,47
1358,46
1359,54
1360,56
1361,46
1362,44
1363,44
1364,40
1365,40
1366,53
1367,42
1368,30
1369,50
1370,40
1371,43
1372,46
1373,45
1374,47
1375,51
1376,31
1377,44
1378,38
1379,49
1380,48
1381,38
1382,49
1383,32
1384,47
1385,38
1386,37
1387,43
1388,44
1389,32
1390,43
1391,58
1392,42
1393,47
1394,44
1395,44
1396,51
1397,53
1398,36
1399,29
1400,40
1401,31
1402,47
1403,36
1404,46
1405,48
1406,45
1407,58
1408,38
1409,45
1410,56
1411,65
1412,38
1413,35
1414,43
1415,39
1416,35
1417,45
1418,33
1419,36
1420,40
1421,31
1422,30
1423,43
1424,39
1425,37
1426,29
1427,40
1428,37
1429,28
1430,32
1431,26
1432,45
1433,31
1434,33
1435,32
1436,33
1437,24
1438,34
1439,46
1440,30
1441,40
1442,38
1443,42
1444,47
1445,39
1446,41
1447,29
1448,33
1449,42
1450,42
1451,54
1452,37
1453,46
1454,33
1455,41
1456,37
1457,45
1458,42
1459,39
1460,42
1461,34
1462,44
1463,37
1464,39
1465,40
1466,40
1467,45
1468,35
1469,37
1470,49
1471,36
1472,42
1473,47
1474,41
1475,32
1476,26
1477,32
1478,45
1479,27
1480,37
1481,34
1482,43
1483,47
1484,38
1485,37
1486,42
1487,45
1488,28
1489,46
1490,34
1491,24
1492,39
1493,33
1494,29
1495,31
1496,41
1497,47
1498,38
1499,23
1500,34
1501,39
1502,44
1503,36
1504,36
1505,28
1506,40
1507,27
1508,33
1509,37
1510,37
1511,25
1512,28
1513,32
1514,43
1515,36
1516,28
1517,34
1518,31
1519,45
1520,38
1521,36
1522,22
1523,43
1524,46
1525,39
1526,31
1527,24
1528,35
1529,42
1530,29
1531,29
1532,37
1533,36
1534,30
1535,43
1536,31
1537,29
1538,38
1539,19
1540,42
1541,42
1542,28
1543,33
1544,32
1545,32
1546,33
1547,44
1548,30
1549,35
1550,33
1551,37
1552,27
1553,36
1554,34
1555,35
1556,27
1557,24
1558,39
1559,30
1560,42
1561,43
1562,45
1563,30
1564,40
1565,34
1566,35
1567,43
1568,34
1569,24
1570,28
1571,45
1572,33
1573,26
1574,33
1575,25
1576,49
1577,29
1578,38
1579,39
1580,43
1581,38
1582,46
1583,30
1584,34
1585,24
1586,38
1587,28
1588,27
1589,25
1590,30
1591,38
1592,30
1593,28
1594,17
1595,28
1596,23
1597,30
1598,38
1599,27
1600,23
1601,27
1602,23
1603,27
1604,30
1605,22
1606,30
1607,27
1608,34
1609,25
1610,24
1611,25
1612,22
1613,30
1614,15
1615,22
1616,27
1617,27
1618,27
1619,20
1620,36
1621,22
1622,18
1623,20
1624,20
1625,21
1626,25
1627,24
1628,30
1629,28
1630,28
1631,29
1632,19
1633,17
1634,27
1635,25
1636,27
1637,38
1638,28
1639,35
1640,25
1641,37
1642,32
1643,29
1644,24
1645,34
1646,35
1647,33
1648,33
1649,28
1650,32
1651,38
1652,23
1653,27
1654,27
1655,27
1656,26
1657,31
1658,27
1659,26
1660,35
1661,28
1662,16
1663,23
1664,24
1665,26
1666,33
1667,32
1668,23
1669,33
1670,41
1671,23
1672,22
1673,23
1674,18
1675,20
1676,17
1677,29
1678,23
1679,33
1680,21
1681,34
1682,32
1683,24
1684,33
1685,24
1686,24
1687,19
1688,15
1689,24
1690,28
1691,40
1692,40
1693,29
1694,34
1695,28
1696,26
1697,32
1698,23
1699,57
1700,28
1701,24
1702,32
1703,29
1704,19
1705,18
1706,14
1707,22
1708,34
1709,20
1710,32
1711,29
1712,19
1713,29
1714,21
1715,40
1716,26
1717,22
1718,27
1719,27
1720,24
1721,20
1722,29
1723,21
1724,30
1725,29
1726,20
1727,24
1728,24
1729,55
1730,40
1731,24
1732,18
1733,19
1734,27
1735,18
1736,29
1737,26
1738,31
1739,19
1740,20
1741,14
1742,20
1743,22
1744,17
1745,24
1746,13
1747,26
1748,20
1749,17
1750,21
1751,29
1752,32
1753,18
1754,20
1755,29
1756,25
1757,28
1758,23
1759,31
1760,18
1761,24
1762,27
1763,21
1764,23
1765,27
1766,16
1767,15
1768,23
1769,22
1770,21
1771,22
1772,21
1773,23
1774,31
1775,25
1776,27
1777,21
1778,27
1779,17
1780,17
1781,24
1782,19
1783,25
1784,15
1785,30
1786,16
1787,17
1788,17
1789,23
1790,23
1791,17
1792,24
1793,34
1794,24
1795,20
1796,13
1797,11
1798,17
1799,22
1800,21
1801,23
1802,20
1803,18
1804,18
1805,22
1806,17
1807,17
1808,22
1809,21
1810,30
1811,16
1812,22
1813,23
1814,25
1815,25
1816,24
1817,17
1818,28
1819,22
1820,25
1821,22
1822,26
1823,29
1824,28
1825,20
1826,24
1827,25
1828,19
1829,14
1830,21
1831,15
1832,19
1833,29
1834,16
1835,21
1836,18
1837,28
1838,18
1839,28
1840,28
1841,26
1842,26
1843,24
1844,24
1845,30
1846,28
1847,30
1848,18
1849,25
1850,27
1851,28
1852,26
1853,33
1854,26
1855,36
1856,24
1857,20
1858,19
1859,17
1860,23
1861,15
1862,17
1863,17
1864,18
1865,25
1866,29
1867,25
1868,22
1869,25
1870,21
1871,18
1872,16
1873,20
1874,11
1875,18
1876,20
1877,21
1878,13
1879,26
1880,25
1881,19
1882,25
1883,17
1884,17
1885,17
1886,22
1887,13
1888,19
1889,19
1890,28
1891,20
1892,27
1893,20
1894,18
1895,27
1896,23
1897,26
1898,27
1899,21
1900,19
1901,26
1902,19
1903,32
1904,27
1905,25
1906,24
1907,18
1908,31
1909,22
1910,31
1911,22
1912,29
1913,26
1914,25
1915,30
1916,22
1917,26
1918,28
1919,23
1920,29
1921,31
1922,21
1923,22
1924,26
1925,26
1926,19
1927,31
1928,23
1929,24
1930,23
1931,18
1932,22
1933,22
1934,28
1935,22
1936,28
1937,35
1938,27
1939,17
1940,21
1941,24
1942,23
1943,26
1944,15
1945,29
1946,23
1947,23
1948,38
1949,29
1950,35
1951,28
1952,32
1953,28
1954,26
1955,28
1956,20
1957,27
1958,17
1959,22
1960,18
1961,35
1962,21
1963,28
1964,21
1965,28
1966,18
1967,21
1968,23
1969,21
1970,30
1971,18
1972,19
1973,20
1974,27
1975,27
1976,24
1977,23
1978,18
1979,26
1980,30
1981,20
1982,14
1983,24
1984,23
1985,21
1986,22
1987,26
1988,25
1989,19
1990,19
1991,25
1992,11
1993,23
1994,21
1995,24
1996,21
1997,16
1998,22
1999,29
2000+,63836
