TUMOR MAPPING/ALIGNING SUMMARY,,Total input reads,1008255638,100.00
TUMOR MAPPING/ALIGNING SUMMARY,,Number of duplicate marked reads,88988944,8.83
TUMOR MAPPING/ALIGNING SUMMARY,,Number of duplicate marked and mate reads removed,NA
TUMOR MAPPING/ALIGNING SUMMARY,,Number of unique reads (excl. duplicate marked reads),919266694,91.17
TUMOR MAPPING/ALIGNING SUMMARY,,Reads with mate sequenced,1008255638,100.00
TUMOR MAPPING/ALIGNING SUMMARY,,Reads without mate sequenced,0,0.00
TUMOR MAPPING/ALIGNING SUMMARY,,QC-failed reads,7784,0.00
TUMOR MAPPING/ALIGNING SUMMARY,,Mapped reads,984275659,97.62
TUMOR MAPPING/ALIGNING SUMMARY,,Mapped reads adjusted for excluded mapping,984275659,97.62
TUMOR MAPPING/ALIGNING SUMMARY,,Mapped reads with filtered mapping (non-ref decoys + rRNA filter),1001953381,99.37
TUMOR MAPPING/ALIGNING SUMMARY,,Mapped reads adjusted for filtered and excluded mapping,1001953381,99.37
TUMOR MAPPING/ALIGNING SUMMARY,,Mapped reads R1,494080295,98.01
TUMOR MAPPING/ALIGNING SUMMARY,,Mapped reads R2,490195364,97.24
TUMOR MAPPING/ALIGNING SUMMARY,,Number of unique & mapped reads (excl. duplicate marked reads),895286715,88.80
TUMOR MAPPING/ALIGNING SUMMARY,,Unmapped reads,23979979,2.38
TUMOR MAPPING/ALIGNING SUMMARY,,Unmapped reads minus filtered mapping,6302257,0.63
TUMOR MAPPING/ALIGNING SUMMARY,,Unmapped reads adjusted for excluded mapping,23979979,2.38
TUMOR MAPPING/ALIGNING SUMMARY,,Unmapped reads adjusted for filtered and excluded mapping,6302257,0.63
TUMOR MAPPING/ALIGNING SUMMARY,,Adjustment of reads matching non-reference decoys,17677722,1.75
TUMOR MAPPING/ALIGNING SUMMARY,,Adjustment of reads matching filter contigs,NA
TUMOR MAPPING/ALIGNING SUMMARY,,Filtered rRNA reads,NA
TUMOR MAPPING/ALIGNING SUMMARY,,Adjustment of reads matching exclude contigs,NA
TUMOR MAPPING/ALIGNING SUMMARY,,Mitochondrial reads excluded,NA
TUMOR MAPPING/ALIGNING SUMMARY,,Singleton reads (itself mapped; mate unmapped),4729663,0.47
TUMOR MAPPING/ALIGNING SUMMARY,,Paired reads (itself & mate mapped),979545996,97.15
TUMOR MAPPING/ALIGNING SUMMARY,,Properly paired reads,977852606,96.98
TUMOR MAPPING/ALIGNING SUMMARY,,Not properly paired reads (discordant),1693390,0.17
TUMOR MAPPING/ALIGNING SUMMARY,,Paired reads mapped to different chromosomes,1166112,0.12
TUMOR MAPPING/ALIGNING SUMMARY,,Paired reads mapped to different chromosomes (MAPQ>=10),608857,0.06
TUMOR MAPPING/ALIGNING SUMMARY,,Reads mapping to multiple locations,48977823,4.86
TUMOR MAPPING/ALIGNING SUMMARY,,Reads with MAPQ [40:inf),909307390,90.19
TUMOR MAPPING/ALIGNING SUMMARY,,Reads with MAPQ [30:40),2943691,0.29
TUMOR MAPPING/ALIGNING SUMMARY,,Reads with MAPQ [20:30),7797520,0.77
TUMOR MAPPING/ALIGNING SUMMARY,,Reads with MAPQ [10:20),10605687,1.05
TUMOR MAPPING/ALIGNING SUMMARY,,Reads with MAPQ [ 0:10),53621371,5.32
TUMOR MAPPING/ALIGNING SUMMARY,,Reads with MAPQ NA (Unmapped reads),23979979,2.38
TUMOR MAPPING/ALIGNING SUMMARY,,Reads with indel R1,15637045,3.16
TUMOR MAPPING/ALIGNING SUMMARY,,Reads with indel R2,15093226,3.08
TUMOR MAPPING/ALIGNING SUMMARY,,Reads with splice junction,NA
TUMOR MAPPING/ALIGNING SUMMARY,,Total bases,148742513965
TUMOR MAPPING/ALIGNING SUMMARY,,Total bases R1,74387324293
TUMOR MAPPING/ALIGNING SUMMARY,,Total bases R2,74355189672
TUMOR MAPPING/ALIGNING SUMMARY,,Mapped bases,145195737731
TUMOR MAPPING/ALIGNING SUMMARY,,Mapped bases R1,72906280445
TUMOR MAPPING/ALIGNING SUMMARY,,Mapped bases R2,72289457286
TUMOR MAPPING/ALIGNING SUMMARY,,Soft-clipped bases,1123360623,0.77
TUMOR MAPPING/ALIGNING SUMMARY,,Soft-clipped bases R1,474082262,0.65
TUMOR MAPPING/ALIGNING SUMMARY,,Soft-clipped bases R2,649278361,0.90
TUMOR MAPPING/ALIGNING SUMMARY,,Hard-clipped bases,0,0.00
TUMOR MAPPING/ALIGNING SUMMARY,,Hard-clipped bases R1,0,0.00
TUMOR MAPPING/ALIGNING SUMMARY,,Hard-clipped bases R2,0,0.00
TUMOR MAPPING/ALIGNING SUMMARY,,Mismatched bases R1,374694465,0.51
TUMOR MAPPING/ALIGNING SUMMARY,,Mismatched bases R2,358493625,0.50
TUMOR MAPPING/ALIGNING SUMMARY,,Mismatched bases R1 (excl. indels),325954588,0.45
TUMOR MAPPING/ALIGNING SUMMARY,,Mismatched bases R2 (excl. indels),311929105,0.43
TUMOR MAPPING/ALIGNING SUMMARY,,Q30 bases,138094797677,92.84
TUMOR MAPPING/ALIGNING SUMMARY,,Q30 bases R1,69143787129,92.95
TUMOR MAPPING/ALIGNING SUMMARY,,Q30 bases R2,68951010548,92.73
TUMOR MAPPING/ALIGNING SUMMARY,,Q30 bases (excl. dups & clipped bases),125978209021
TUMOR MAPPING/ALIGNING SUMMARY,,Total alignments,985695163
TUMOR MAPPING/ALIGNING SUMMARY,,Secondary alignments,0
TUMOR MAPPING/ALIGNING SUMMARY,,Supplementary (chimeric) alignments,1419504
TUMOR MAPPING/ALIGNING SUMMARY,,Estimated read length,147.52
TUMOR MAPPING/ALIGNING SUMMARY,,Total reads removed by downsampling,NA
TUMOR MAPPING/ALIGNING SUMMARY,,Total bases removed by downsampling,NA
TUMOR MAPPING/ALIGNING SUMMARY,,Bases in reference genome,3217356871
TUMOR MAPPING/ALIGNING SUMMARY,,Bases in target bed [% of genome],NA
TUMOR MAPPING/ALIGNING SUMMARY,,Input bases divided by reference genome size,46.23
TUMOR MAPPING/ALIGNING SUMMARY,,Input bases divided by target bed size,NA
TUMOR MAPPING/ALIGNING SUMMARY,,Insert length: mean,323.08
TUMOR MAPPING/ALIGNING SUMMARY,,Insert length: median,308.50
TUMOR MAPPING/ALIGNING SUMMARY,,Insert length: standard deviation,165.32
TUMOR MAPPING/ALIGNING SUMMARY,,Provided sex chromosome ploidy,NA
TUMOR MAPPING/ALIGNING SUMMARY,,Estimated sample contamination,NA
TUMOR MAPPING/ALIGNING SUMMARY,,Estimated sample contamination standard error,NA
TUMOR MAPPING/ALIGNING SUMMARY,,DRAGEN mapping rate [mil. reads/second],0.25
NORMAL MAPPING/ALIGNING SUMMARY,,Total input reads,936937801,100.00
NORMAL MAPPING/ALIGNING SUMMARY,,Number of duplicate marked reads,78641894,8.39
NORMAL MAPPING/ALIGNING SUMMARY,,Number of duplicate marked and mate reads removed,NA
NORMAL MAPPING/ALIGNING SUMMARY,,Number of unique reads (excl. duplicate marked reads),858295907,91.61
NORMAL MAPPING/ALIGNING SUMMARY,,Reads with mate sequenced,936937801,100.00
NORMAL MAPPING/ALIGNING SUMMARY,,Reads without mate sequenced,0,0.00
NORMAL MAPPING/ALIGNING SUMMARY,,QC-failed reads,7417,0.00
NORMAL MAPPING/ALIGNING SUMMARY,,Mapped reads,914616981,97.62
NORMAL MAPPING/ALIGNING SUMMARY,,Mapped reads adjusted for excluded mapping,914616981,97.62
NORMAL MAPPING/ALIGNING SUMMARY,,Mapped reads with filtered mapping (non-ref decoys + rRNA filter),931006987,99.37
NORMAL MAPPING/ALIGNING SUMMARY,,Mapped reads adjusted for filtered and excluded mapping,931006987,99.37
NORMAL MAPPING/ALIGNING SUMMARY,,Mapped reads R1,459252762,98.03
NORMAL MAPPING/ALIGNING SUMMARY,,Mapped reads R2,455364219,97.20
NORMAL MAPPING/ALIGNING SUMMARY,,Number of unique & mapped reads (excl. duplicate marked reads),835975087,89.22
NORMAL MAPPING/ALIGNING SUMMARY,,Unmapped reads,22320820,2.38
NORMAL MAPPING/ALIGNING SUMMARY,,Unmapped reads minus filtered mapping,5930814,0.63
NORMAL MAPPING/ALIGNING SUMMARY,,Unmapped reads adjusted for excluded mapping,22320820,2.38
NORMAL MAPPING/ALIGNING SUMMARY,,Unmapped reads adjusted for filtered and excluded mapping,5930814,0.63
NORMAL MAPPING/ALIGNING SUMMARY,,Adjustment of reads matching non-reference decoys,16390006,1.75
NORMAL MAPPING/ALIGNING SUMMARY,,Adjustment of reads matching filter contigs,NA
NORMAL MAPPING/ALIGNING SUMMARY,,Filtered rRNA reads,NA
NORMAL MAPPING/ALIGNING SUMMARY,,Adjustment of reads matching exclude contigs,NA
NORMAL MAPPING/ALIGNING SUMMARY,,Mitochondrial reads excluded,NA
NORMAL MAPPING/ALIGNING SUMMARY,,Singleton reads (itself mapped; mate unmapped),4580001,0.49
NORMAL MAPPING/ALIGNING SUMMARY,,Paired reads (itself & mate mapped),910036980,97.13
NORMAL MAPPING/ALIGNING SUMMARY,,Properly paired reads,908310196,96.94
NORMAL MAPPING/ALIGNING SUMMARY,,Not properly paired reads (discordant),1726784,0.18
NORMAL MAPPING/ALIGNING SUMMARY,,Paired reads mapped to different chromosomes,1204928,0.13
NORMAL MAPPING/ALIGNING SUMMARY,,Paired reads mapped to different chromosomes (MAPQ>=10),636150,0.07
NORMAL MAPPING/ALIGNING SUMMARY,,Reads mapping to multiple locations,45286765,4.83
NORMAL MAPPING/ALIGNING SUMMARY,,Reads with MAPQ [40:inf),845336640,90.22
NORMAL MAPPING/ALIGNING SUMMARY,,Reads with MAPQ [30:40),2650338,0.28
NORMAL MAPPING/ALIGNING SUMMARY,,Reads with MAPQ [20:30),7240682,0.77
NORMAL MAPPING/ALIGNING SUMMARY,,Reads with MAPQ [10:20),9787224,1.04
NORMAL MAPPING/ALIGNING SUMMARY,,Reads with MAPQ [ 0:10),49602097,5.29
NORMAL MAPPING/ALIGNING SUMMARY,,Reads with MAPQ NA (Unmapped reads),22320820,2.38
NORMAL MAPPING/ALIGNING SUMMARY,,Reads with indel R1,14519762,3.16
NORMAL MAPPING/ALIGNING SUMMARY,,Reads with indel R2,13988373,3.07
NORMAL MAPPING/ALIGNING SUMMARY,,Reads with splice junction,NA
NORMAL MAPPING/ALIGNING SUMMARY,,Total bases,138405324818
NORMAL MAPPING/ALIGNING SUMMARY,,Total bases R1,69216350758
NORMAL MAPPING/ALIGNING SUMMARY,,Total bases R2,69188974060
NORMAL MAPPING/ALIGNING SUMMARY,,Mapped bases,135100022530
NORMAL MAPPING/ALIGNING SUMMARY,,Mapped bases R1,67856430043
NORMAL MAPPING/ALIGNING SUMMARY,,Mapped bases R2,67243592487
NORMAL MAPPING/ALIGNING SUMMARY,,Soft-clipped bases,1044198721,0.77
NORMAL MAPPING/ALIGNING SUMMARY,,Soft-clipped bases R1,434275532,0.64
NORMAL MAPPING/ALIGNING SUMMARY,,Soft-clipped bases R2,609923189,0.91
NORMAL MAPPING/ALIGNING SUMMARY,,Hard-clipped bases,0,0.00
NORMAL MAPPING/ALIGNING SUMMARY,,Hard-clipped bases R1,0,0.00
NORMAL MAPPING/ALIGNING SUMMARY,,Hard-clipped bases R2,0,0.00
NORMAL MAPPING/ALIGNING SUMMARY,,Mismatched bases R1,348594795,0.51
NORMAL MAPPING/ALIGNING SUMMARY,,Mismatched bases R2,333885825,0.50
NORMAL MAPPING/ALIGNING SUMMARY,,Mismatched bases R1 (excl. indels),303299147,0.45
NORMAL MAPPING/ALIGNING SUMMARY,,Mismatched bases R2 (excl. indels),290674071,0.43
NORMAL MAPPING/ALIGNING SUMMARY,,Q30 bases,128513773606,92.85
NORMAL MAPPING/ALIGNING SUMMARY,,Q30 bases R1,64347924375,92.97
NORMAL MAPPING/ALIGNING SUMMARY,,Q30 bases R2,64165849231,92.74
NORMAL MAPPING/ALIGNING SUMMARY,,Q30 bases (excl. dups & clipped bases),117803484830
NORMAL MAPPING/ALIGNING SUMMARY,,Total alignments,916029771
NORMAL MAPPING/ALIGNING SUMMARY,,Secondary alignments,0
NORMAL MAPPING/ALIGNING SUMMARY,,Supplementary (chimeric) alignments,1412790
NORMAL MAPPING/ALIGNING SUMMARY,,Estimated read length,147.72
NORMAL MAPPING/ALIGNING SUMMARY,,Total reads removed by downsampling,NA
NORMAL MAPPING/ALIGNING SUMMARY,,Total bases removed by downsampling,NA
NORMAL MAPPING/ALIGNING SUMMARY,,Bases in reference genome,3217356871
NORMAL MAPPING/ALIGNING SUMMARY,,Bases in target bed [% of genome],NA
NORMAL MAPPING/ALIGNING SUMMARY,,Input bases divided by reference genome size,89.25
NORMAL MAPPING/ALIGNING SUMMARY,,Input bases divided by target bed size,NA
NORMAL MAPPING/ALIGNING SUMMARY,,Insert length: mean,322.72
NORMAL MAPPING/ALIGNING SUMMARY,,Insert length: median,309.00
NORMAL MAPPING/ALIGNING SUMMARY,,Insert length: standard deviation,164.83
NORMAL MAPPING/ALIGNING SUMMARY,,Provided sex chromosome ploidy,NA
NORMAL MAPPING/ALIGNING SUMMARY,,Estimated sample contamination,NA
NORMAL MAPPING/ALIGNING SUMMARY,,Estimated sample contamination standard error,NA
NORMAL MAPPING/ALIGNING SUMMARY,,DRAGEN mapping rate [mil. reads/second],0.23
TUMOR MAPPING/ALIGNING PER RG,22TM2KLT3.TGGTACCTAA.CATGAGTACT.8,Total reads in RG,304481554,100.00
TUMOR MAPPING/ALIGNING PER RG,22TM2KLT3.TGGTACCTAA.CATGAGTACT.8,Number of duplicate marked reads,22949910,7.54
TUMOR MAPPING/ALIGNING PER RG,22TM2KLT3.TGGTACCTAA.CATGAGTACT.8,Number of duplicate marked and mate reads removed,NA
TUMOR MAPPING/ALIGNING PER RG,22TM2KLT3.TGGTACCTAA.CATGAGTACT.8,Number of unique reads (excl. duplicate marked reads),281531644,92.46
TUMOR MAPPING/ALIGNING PER RG,22TM2KLT3.TGGTACCTAA.CATGAGTACT.8,Reads with mate sequenced,304481554,100.00
TUMOR MAPPING/ALIGNING PER RG,22TM2KLT3.TGGTACCTAA.CATGAGTACT.8,Reads without mate sequenced,0,0.00
TUMOR MAPPING/ALIGNING PER RG,22TM2KLT3.TGGTACCTAA.CATGAGTACT.8,QC-failed reads,2462,0.00
TUMOR MAPPING/ALIGNING PER RG,22TM2KLT3.TGGTACCTAA.CATGAGTACT.8,Mapped reads,296956639,97.53
TUMOR MAPPING/ALIGNING PER RG,22TM2KLT3.TGGTACCTAA.CATGAGTACT.8,Mapped reads adjusted for excluded mapping,296956639,97.53
TUMOR MAPPING/ALIGNING PER RG,22TM2KLT3.TGGTACCTAA.CATGAGTACT.8,Mapped reads with filtered mapping (non-ref decoys + rRNA filter),302302990,99.28
TUMOR MAPPING/ALIGNING PER RG,22TM2KLT3.TGGTACCTAA.CATGAGTACT.8,Mapped reads adjusted for filtered and excluded mapping,302302990,99.28
TUMOR MAPPING/ALIGNING PER RG,22TM2KLT3.TGGTACCTAA.CATGAGTACT.8,Mapped reads R1,149047434,97.90
TUMOR MAPPING/ALIGNING PER RG,22TM2KLT3.TGGTACCTAA.CATGAGTACT.8,Mapped reads R2,147909205,97.16
TUMOR MAPPING/ALIGNING PER RG,22TM2KLT3.TGGTACCTAA.CATGAGTACT.8,Number of unique & mapped reads (excl. duplicate marked reads),274006729,89.99
TUMOR MAPPING/ALIGNING PER RG,22TM2KLT3.TGGTACCTAA.CATGAGTACT.8,Unmapped reads,7524915,2.47
TUMOR MAPPING/ALIGNING PER RG,22TM2KLT3.TGGTACCTAA.CATGAGTACT.8,Unmapped reads minus filtered mapping,2178564,0.72
TUMOR MAPPING/ALIGNING PER RG,22TM2KLT3.TGGTACCTAA.CATGAGTACT.8,Unmapped reads adjusted for excluded mapping,7524915,2.47
TUMOR MAPPING/ALIGNING PER RG,22TM2KLT3.TGGTACCTAA.CATGAGTACT.8,Unmapped reads adjusted for filtered and excluded mapping,2178564,0.72
TUMOR MAPPING/ALIGNING PER RG,22TM2KLT3.TGGTACCTAA.CATGAGTACT.8,Adjustment of reads matching non-reference decoys,5346351,1.76
TUMOR MAPPING/ALIGNING PER RG,22TM2KLT3.TGGTACCTAA.CATGAGTACT.8,Adjustment of reads matching filter contigs,NA
TUMOR MAPPING/ALIGNING PER RG,22TM2KLT3.TGGTACCTAA.CATGAGTACT.8,Filtered rRNA reads,NA
TUMOR MAPPING/ALIGNING PER RG,22TM2KLT3.TGGTACCTAA.CATGAGTACT.8,Adjustment of reads matching exclude contigs,NA
TUMOR MAPPING/ALIGNING PER RG,22TM2KLT3.TGGTACCTAA.CATGAGTACT.8,Mitochondrial reads excluded,NA
TUMOR MAPPING/ALIGNING PER RG,22TM2KLT3.TGGTACCTAA.CATGAGTACT.8,Singleton reads (itself mapped; mate unmapped),1458501,0.48
TUMOR MAPPING/ALIGNING PER RG,22TM2KLT3.TGGTACCTAA.CATGAGTACT.8,Paired reads (itself & mate mapped),295498138,97.05
TUMOR MAPPING/ALIGNING PER RG,22TM2KLT3.TGGTACCTAA.CATGAGTACT.8,Properly paired reads,294879044,96.85
TUMOR MAPPING/ALIGNING PER RG,22TM2KLT3.TGGTACCTAA.CATGAGTACT.8,Not properly paired reads (discordant),619094,0.20
TUMOR MAPPING/ALIGNING PER RG,22TM2KLT3.TGGTACCTAA.CATGAGTACT.8,Paired reads mapped to different chromosomes,452796,0.15
TUMOR MAPPING/ALIGNING PER RG,22TM2KLT3.TGGTACCTAA.CATGAGTACT.8,Paired reads mapped to different chromosomes (MAPQ>=10),225883,0.08
TUMOR MAPPING/ALIGNING PER RG,22TM2KLT3.TGGTACCTAA.CATGAGTACT.8,Reads mapping to multiple locations,14998489,4.93
TUMOR MAPPING/ALIGNING PER RG,22TM2KLT3.TGGTACCTAA.CATGAGTACT.8,Reads with MAPQ [40:inf),274085796,90.02
TUMOR MAPPING/ALIGNING PER RG,22TM2KLT3.TGGTACCTAA.CATGAGTACT.8,Reads with MAPQ [30:40),921813,0.30
TUMOR MAPPING/ALIGNING PER RG,22TM2KLT3.TGGTACCTAA.CATGAGTACT.8,Reads with MAPQ [20:30),2371205,0.78
TUMOR MAPPING/ALIGNING PER RG,22TM2KLT3.TGGTACCTAA.CATGAGTACT.8,Reads with MAPQ [10:20),3177278,1.04
TUMOR MAPPING/ALIGNING PER RG,22TM2KLT3.TGGTACCTAA.CATGAGTACT.8,Reads with MAPQ [ 0:10),16400547,5.39
TUMOR MAPPING/ALIGNING PER RG,22TM2KLT3.TGGTACCTAA.CATGAGTACT.8,Reads with MAPQ NA (Unmapped reads),7524915,2.47
TUMOR MAPPING/ALIGNING PER RG,22TM2KLT3.TGGTACCTAA.CATGAGTACT.8,Reads with indel R1,4733682,3.18
TUMOR MAPPING/ALIGNING PER RG,22TM2KLT3.TGGTACCTAA.CATGAGTACT.8,Reads with indel R2,4565480,3.09
TUMOR MAPPING/ALIGNING PER RG,22TM2KLT3.TGGTACCTAA.CATGAGTACT.8,Reads with splice junction,NA
TUMOR MAPPING/ALIGNING PER RG,22TM2KLT3.TGGTACCTAA.CATGAGTACT.8,Total bases,44788946212
TUMOR MAPPING/ALIGNING PER RG,22TM2KLT3.TGGTACCTAA.CATGAGTACT.8,Total bases R1,22398912937
TUMOR MAPPING/ALIGNING PER RG,22TM2KLT3.TGGTACCTAA.CATGAGTACT.8,Total bases R2,22390033275
TUMOR MAPPING/ALIGNING PER RG,22TM2KLT3.TGGTACCTAA.CATGAGTACT.8,Mapped bases,43677865676
TUMOR MAPPING/ALIGNING PER RG,22TM2KLT3.TGGTACCTAA.CATGAGTACT.8,Mapped bases R1,21929015911
TUMOR MAPPING/ALIGNING PER RG,22TM2KLT3.TGGTACCTAA.CATGAGTACT.8,Mapped bases R2,21748849765
TUMOR MAPPING/ALIGNING PER RG,22TM2KLT3.TGGTACCTAA.CATGAGTACT.8,Soft-clipped bases,367387104,0.84
TUMOR MAPPING/ALIGNING PER RG,22TM2KLT3.TGGTACCTAA.CATGAGTACT.8,Soft-clipped bases R1,147201763,0.67
TUMOR MAPPING/ALIGNING PER RG,22TM2KLT3.TGGTACCTAA.CATGAGTACT.8,Soft-clipped bases R2,220185341,1.01
TUMOR MAPPING/ALIGNING PER RG,22TM2KLT3.TGGTACCTAA.CATGAGTACT.8,Hard-clipped bases,0,0.00
TUMOR MAPPING/ALIGNING PER RG,22TM2KLT3.TGGTACCTAA.CATGAGTACT.8,Hard-clipped bases R1,0,0.00
TUMOR MAPPING/ALIGNING PER RG,22TM2KLT3.TGGTACCTAA.CATGAGTACT.8,Hard-clipped bases R2,0,0.00
TUMOR MAPPING/ALIGNING PER RG,22TM2KLT3.TGGTACCTAA.CATGAGTACT.8,Mismatched bases R1,109585602,0.50
TUMOR MAPPING/ALIGNING PER RG,22TM2KLT3.TGGTACCTAA.CATGAGTACT.8,Mismatched bases R2,105058224,0.48
TUMOR MAPPING/ALIGNING PER RG,22TM2KLT3.TGGTACCTAA.CATGAGTACT.8,Mismatched bases R1 (excl. indels),94810431,0.43
TUMOR MAPPING/ALIGNING PER RG,22TM2KLT3.TGGTACCTAA.CATGAGTACT.8,Mismatched bases R2 (excl. indels),90942594,0.42
TUMOR MAPPING/ALIGNING PER RG,22TM2KLT3.TGGTACCTAA.CATGAGTACT.8,Q30 bases,41556566788,92.78
TUMOR MAPPING/ALIGNING PER RG,22TM2KLT3.TGGTACCTAA.CATGAGTACT.8,Q30 bases R1,20813327796,92.92
TUMOR MAPPING/ALIGNING PER RG,22TM2KLT3.TGGTACCTAA.CATGAGTACT.8,Q30 bases R2,20743238992,92.64
TUMOR MAPPING/ALIGNING PER RG,22TM2KLT3.TGGTACCTAA.CATGAGTACT.8,Q30 bases (excl. dups & clipped bases),38434803016
TUMOR MAPPING/ALIGNING PER RG,22TM2KLT3.TGGTACCTAA.CATGAGTACT.8,Total alignments,297396049
TUMOR MAPPING/ALIGNING PER RG,22TM2KLT3.TGGTACCTAA.CATGAGTACT.8,Secondary alignments,0
TUMOR MAPPING/ALIGNING PER RG,22TM2KLT3.TGGTACCTAA.CATGAGTACT.8,Supplementary (chimeric) alignments,439410
TUMOR MAPPING/ALIGNING PER RG,22TM2KLT3.TGGTACCTAA.CATGAGTACT.8,Estimated read length,147.10
TUMOR MAPPING/ALIGNING PER RG,22TM2KLT3.TGGTACCTAA.CATGAGTACT.8,Insert length: mean,312.60
TUMOR MAPPING/ALIGNING PER RG,22TM2KLT3.TGGTACCTAA.CATGAGTACT.8,Insert length: median,300.00
TUMOR MAPPING/ALIGNING PER RG,22TM2KLT3.TGGTACCTAA.CATGAGTACT.8,Insert length: standard deviation,143.89
TUMOR MAPPING/ALIGNING PER RG,22TLT3LT3.TGGTACCTAA.CATGAGTACT.4,Total reads in RG,187529120,100.00
TUMOR MAPPING/ALIGNING PER RG,22TLT3LT3.TGGTACCTAA.CATGAGTACT.4,Number of duplicate marked reads,21125440,11.27
TUMOR MAPPING/ALIGNING PER RG,22TLT3LT3.TGGTACCTAA.CATGAGTACT.4,Number of duplicate marked and mate reads removed,NA
TUMOR MAPPING/ALIGNING PER RG,22TLT3LT3.TGGTACCTAA.CATGAGTACT.4,Number of unique reads (excl. duplicate marked reads),166403680,88.73
TUMOR MAPPING/ALIGNING PER RG,22TLT3LT3.TGGTACCTAA.CATGAGTACT.4,Reads with mate sequenced,187529120,100.00
TUMOR MAPPING/ALIGNING PER RG,22TLT3LT3.TGGTACCTAA.CATGAGTACT.4,Reads without mate sequenced,0,0.00
TUMOR MAPPING/ALIGNING PER RG,22TLT3LT3.TGGTACCTAA.CATGAGTACT.4,QC-failed reads,1406,0.00
TUMOR MAPPING/ALIGNING PER RG,22TLT3LT3.TGGTACCTAA.CATGAGTACT.4,Mapped reads,183007923,97.59
TUMOR MAPPING/ALIGNING PER RG,22TLT3LT3.TGGTACCTAA.CATGAGTACT.4,Mapped reads adjusted for excluded mapping,183007923,97.59
TUMOR MAPPING/ALIGNING PER RG,22TLT3LT3.TGGTACCTAA.CATGAGTACT.4,Mapped reads with filtered mapping (non-ref decoys + rRNA filter),186292034,99.34
TUMOR MAPPING/ALIGNING PER RG,22TLT3LT3.TGGTACCTAA.CATGAGTACT.4,Mapped reads adjusted for filtered and excluded mapping,186292034,99.34
TUMOR MAPPING/ALIGNING PER RG,22TLT3LT3.TGGTACCTAA.CATGAGTACT.4,Mapped reads R1,91934975,98.05
TUMOR MAPPING/ALIGNING PER RG,22TLT3LT3.TGGTACCTAA.CATGAGTACT.4,Mapped reads R2,91072948,97.13
TUMOR MAPPING/ALIGNING PER RG,22TLT3LT3.TGGTACCTAA.CATGAGTACT.4,Number of unique & mapped reads (excl. duplicate marked reads),161882483,86.32
TUMOR MAPPING/ALIGNING PER RG,22TLT3LT3.TGGTACCTAA.CATGAGTACT.4,Unmapped reads,4521197,2.41
TUMOR MAPPING/ALIGNING PER RG,22TLT3LT3.TGGTACCTAA.CATGAGTACT.4,Unmapped reads minus filtered mapping,1237086,0.66
TUMOR MAPPING/ALIGNING PER RG,22TLT3LT3.TGGTACCTAA.CATGAGTACT.4,Unmapped reads adjusted for excluded mapping,4521197,2.41
TUMOR MAPPING/ALIGNING PER RG,22TLT3LT3.TGGTACCTAA.CATGAGTACT.4,Unmapped reads adjusted for filtered and excluded mapping,1237086,0.66
TUMOR MAPPING/ALIGNING PER RG,22TLT3LT3.TGGTACCTAA.CATGAGTACT.4,Adjustment of reads matching non-reference decoys,3284111,1.75
TUMOR MAPPING/ALIGNING PER RG,22TLT3LT3.TGGTACCTAA.CATGAGTACT.4,Adjustment of reads matching filter contigs,NA
TUMOR MAPPING/ALIGNING PER RG,22TLT3LT3.TGGTACCTAA.CATGAGTACT.4,Filtered rRNA reads,NA
TUMOR MAPPING/ALIGNING PER RG,22TLT3LT3.TGGTACCTAA.CATGAGTACT.4,Adjustment of reads matching exclude contigs,NA
TUMOR MAPPING/ALIGNING PER RG,22TLT3LT3.TGGTACCTAA.CATGAGTACT.4,Mitochondrial reads excluded,NA
TUMOR MAPPING/ALIGNING PER RG,22TLT3LT3.TGGTACCTAA.CATGAGTACT.4,Singleton reads (itself mapped; mate unmapped),995297,0.53
TUMOR MAPPING/ALIGNING PER RG,22TLT3LT3.TGGTACCTAA.CATGAGTACT.4,Paired reads (itself & mate mapped),182012626,97.06
TUMOR MAPPING/ALIGNING PER RG,22TLT3LT3.TGGTACCTAA.CATGAGTACT.4,Properly paired reads,181721320,96.90
TUMOR MAPPING/ALIGNING PER RG,22TLT3LT3.TGGTACCTAA.CATGAGTACT.4,Not properly paired reads (discordant),291306,0.16
TUMOR MAPPING/ALIGNING PER RG,22TLT3LT3.TGGTACCTAA.CATGAGTACT.4,Paired reads mapped to different chromosomes,192922,0.11
TUMOR MAPPING/ALIGNING PER RG,22TLT3LT3.TGGTACCTAA.CATGAGTACT.4,Paired reads mapped to different chromosomes (MAPQ>=10),104564,0.06
TUMOR MAPPING/ALIGNING PER RG,22TLT3LT3.TGGTACCTAA.CATGAGTACT.4,Reads mapping to multiple locations,8997326,4.80
TUMOR MAPPING/ALIGNING PER RG,22TLT3LT3.TGGTACCTAA.CATGAGTACT.4,Reads with MAPQ [40:inf),169192079,90.22
TUMOR MAPPING/ALIGNING PER RG,22TLT3LT3.TGGTACCTAA.CATGAGTACT.4,Reads with MAPQ [30:40),530118,0.28
TUMOR MAPPING/ALIGNING PER RG,22TLT3LT3.TGGTACCTAA.CATGAGTACT.4,Reads with MAPQ [20:30),1435139,0.77
TUMOR MAPPING/ALIGNING PER RG,22TLT3LT3.TGGTACCTAA.CATGAGTACT.4,Reads with MAPQ [10:20),1984875,1.06
TUMOR MAPPING/ALIGNING PER RG,22TLT3LT3.TGGTACCTAA.CATGAGTACT.4,Reads with MAPQ [ 0:10),9865712,5.26
TUMOR MAPPING/ALIGNING PER RG,22TLT3LT3.TGGTACCTAA.CATGAGTACT.4,Reads with MAPQ NA (Unmapped reads),4521197,2.41
TUMOR MAPPING/ALIGNING PER RG,22TLT3LT3.TGGTACCTAA.CATGAGTACT.4,Reads with indel R1,2921643,3.18
TUMOR MAPPING/ALIGNING PER RG,22TLT3LT3.TGGTACCTAA.CATGAGTACT.4,Reads with indel R2,2809364,3.08
TUMOR MAPPING/ALIGNING PER RG,22TLT3LT3.TGGTACCTAA.CATGAGTACT.4,Reads with splice junction,NA
TUMOR MAPPING/ALIGNING PER RG,22TLT3LT3.TGGTACCTAA.CATGAGTACT.4,Total bases,27752204086
TUMOR MAPPING/ALIGNING PER RG,22TLT3LT3.TGGTACCTAA.CATGAGTACT.4,Total bases R1,13879160167
TUMOR MAPPING/ALIGNING PER RG,22TLT3LT3.TGGTACCTAA.CATGAGTACT.4,Total bases R2,13873043919
TUMOR MAPPING/ALIGNING PER RG,22TLT3LT3.TGGTACCTAA.CATGAGTACT.4,Mapped bases,27081498462
TUMOR MAPPING/ALIGNING PER RG,22TLT3LT3.TGGTACCTAA.CATGAGTACT.4,Mapped bases R1,13608697371
TUMOR MAPPING/ALIGNING PER RG,22TLT3LT3.TGGTACCTAA.CATGAGTACT.4,Mapped bases R2,13472801091
TUMOR MAPPING/ALIGNING PER RG,22TLT3LT3.TGGTACCTAA.CATGAGTACT.4,Soft-clipped bases,201818464,0.75
TUMOR MAPPING/ALIGNING PER RG,22TLT3LT3.TGGTACCTAA.CATGAGTACT.4,Soft-clipped bases R1,86984065,0.64
TUMOR MAPPING/ALIGNING PER RG,22TLT3LT3.TGGTACCTAA.CATGAGTACT.4,Soft-clipped bases R2,114834399,0.85
TUMOR MAPPING/ALIGNING PER RG,22TLT3LT3.TGGTACCTAA.CATGAGTACT.4,Hard-clipped bases,0,0.00
TUMOR MAPPING/ALIGNING PER RG,22TLT3LT3.TGGTACCTAA.CATGAGTACT.4,Hard-clipped bases R1,0,0.00
TUMOR MAPPING/ALIGNING PER RG,22TLT3LT3.TGGTACCTAA.CATGAGTACT.4,Hard-clipped bases R2,0,0.00
TUMOR MAPPING/ALIGNING PER RG,22TLT3LT3.TGGTACCTAA.CATGAGTACT.4,Mismatched bases R1,72184283,0.53
TUMOR MAPPING/ALIGNING PER RG,22TLT3LT3.TGGTACCTAA.CATGAGTACT.4,Mismatched bases R2,74235019,0.55
TUMOR MAPPING/ALIGNING PER RG,22TLT3LT3.TGGTACCTAA.CATGAGTACT.4,Mismatched bases R1 (excl. indels),63124678,0.46
TUMOR MAPPING/ALIGNING PER RG,22TLT3LT3.TGGTACCTAA.CATGAGTACT.4,Mismatched bases R2 (excl. indels),65620845,0.49
TUMOR MAPPING/ALIGNING PER RG,22TLT3LT3.TGGTACCTAA.CATGAGTACT.4,Q30 bases,25639247644,92.39
TUMOR MAPPING/ALIGNING PER RG,22TLT3LT3.TGGTACCTAA.CATGAGTACT.4,Q30 bases R1,12892469541,92.89
TUMOR MAPPING/ALIGNING PER RG,22TLT3LT3.TGGTACCTAA.CATGAGTACT.4,Q30 bases R2,12746778103,91.88
TUMOR MAPPING/ALIGNING PER RG,22TLT3LT3.TGGTACCTAA.CATGAGTACT.4,Q30 bases (excl. dups & clipped bases),22785695837
TUMOR MAPPING/ALIGNING PER RG,22TLT3LT3.TGGTACCTAA.CATGAGTACT.4,Total alignments,183259607
TUMOR MAPPING/ALIGNING PER RG,22TLT3LT3.TGGTACCTAA.CATGAGTACT.4,Secondary alignments,0
TUMOR MAPPING/ALIGNING PER RG,22TLT3LT3.TGGTACCTAA.CATGAGTACT.4,Supplementary (chimeric) alignments,251684
TUMOR MAPPING/ALIGNING PER RG,22TLT3LT3.TGGTACCTAA.CATGAGTACT.4,Estimated read length,147.99
TUMOR MAPPING/ALIGNING PER RG,22TLT3LT3.TGGTACCTAA.CATGAGTACT.4,Insert length: mean,329.56
TUMOR MAPPING/ALIGNING PER RG,22TLT3LT3.TGGTACCTAA.CATGAGTACT.4,Insert length: median,315.00
TUMOR MAPPING/ALIGNING PER RG,22TLT3LT3.TGGTACCTAA.CATGAGTACT.4,Insert length: standard deviation,157.92
TUMOR MAPPING/ALIGNING PER RG,22TLT3LT3.TGGTACCTAA.CATGAGTACT.5,Total reads in RG,132778015,100.00
TUMOR MAPPING/ALIGNING PER RG,22TLT3LT3.TGGTACCTAA.CATGAGTACT.5,Number of duplicate marked reads,13222716,9.96
TUMOR MAPPING/ALIGNING PER RG,22TLT3LT3.TGGTACCTAA.CATGAGTACT.5,Number of duplicate marked and mate reads removed,NA
TUMOR MAPPING/ALIGNING PER RG,22TLT3LT3.TGGTACCTAA.CATGAGTACT.5,Number of unique reads (excl. duplicate marked reads),119555299,90.04
TUMOR MAPPING/ALIGNING PER RG,22TLT3LT3.TGGTACCTAA.CATGAGTACT.5,Reads with mate sequenced,132778015,100.00
TUMOR MAPPING/ALIGNING PER RG,22TLT3LT3.TGGTACCTAA.CATGAGTACT.5,Reads without mate sequenced,0,0.00
TUMOR MAPPING/ALIGNING PER RG,22TLT3LT3.TGGTACCTAA.CATGAGTACT.5,QC-failed reads,1029,0.00
TUMOR MAPPING/ALIGNING PER RG,22TLT3LT3.TGGTACCTAA.CATGAGTACT.5,Mapped reads,129345993,97.42
TUMOR MAPPING/ALIGNING PER RG,22TLT3LT3.TGGTACCTAA.CATGAGTACT.5,Mapped reads adjusted for excluded mapping,129345993,97.42
TUMOR MAPPING/ALIGNING PER RG,22TLT3LT3.TGGTACCTAA.CATGAGTACT.5,Mapped reads with filtered mapping (non-ref decoys + rRNA filter),131671772,99.17
TUMOR MAPPING/ALIGNING PER RG,22TLT3LT3.TGGTACCTAA.CATGAGTACT.5,Mapped reads adjusted for filtered and excluded mapping,131671772,99.17
TUMOR MAPPING/ALIGNING PER RG,22TLT3LT3.TGGTACCTAA.CATGAGTACT.5,Mapped reads R1,65100956,98.06
TUMOR MAPPING/ALIGNING PER RG,22TLT3LT3.TGGTACCTAA.CATGAGTACT.5,Mapped reads R2,64245037,96.77
TUMOR MAPPING/ALIGNING PER RG,22TLT3LT3.TGGTACCTAA.CATGAGTACT.5,Number of unique & mapped reads (excl. duplicate marked reads),116123277,87.46
TUMOR MAPPING/ALIGNING PER RG,22TLT3LT3.TGGTACCTAA.CATGAGTACT.5,Unmapped reads,3432022,2.58
TUMOR MAPPING/ALIGNING PER RG,22TLT3LT3.TGGTACCTAA.CATGAGTACT.5,Unmapped reads minus filtered mapping,1106243,0.83
TUMOR MAPPING/ALIGNING PER RG,22TLT3LT3.TGGTACCTAA.CATGAGTACT.5,Unmapped reads adjusted for excluded mapping,3432022,2.58
TUMOR MAPPING/ALIGNING PER RG,22TLT3LT3.TGGTACCTAA.CATGAGTACT.5,Unmapped reads adjusted for filtered and excluded mapping,1106243,0.83
TUMOR MAPPING/ALIGNING PER RG,22TLT3LT3.TGGTACCTAA.CATGAGTACT.5,Adjustment of reads matching non-reference decoys,2325779,1.75
TUMOR MAPPING/ALIGNING PER RG,22TLT3LT3.TGGTACCTAA.CATGAGTACT.5,Adjustment of reads matching filter contigs,NA
TUMOR MAPPING/ALIGNING PER RG,22TLT3LT3.TGGTACCTAA.CATGAGTACT.5,Filtered rRNA reads,NA
TUMOR MAPPING/ALIGNING PER RG,22TLT3LT3.TGGTACCTAA.CATGAGTACT.5,Adjustment of reads matching exclude contigs,NA
TUMOR MAPPING/ALIGNING PER RG,22TLT3LT3.TGGTACCTAA.CATGAGTACT.5,Mitochondrial reads excluded,NA
TUMOR MAPPING/ALIGNING PER RG,22TLT3LT3.TGGTACCTAA.CATGAGTACT.5,Singleton reads (itself mapped; mate unmapped),957283,0.72
TUMOR MAPPING/ALIGNING PER RG,22TLT3LT3.TGGTACCTAA.CATGAGTACT.5,Paired reads (itself & mate mapped),128388710,96.69
TUMOR MAPPING/ALIGNING PER RG,22TLT3LT3.TGGTACCTAA.CATGAGTACT.5,Properly paired reads,128174734,96.53
TUMOR MAPPING/ALIGNING PER RG,22TLT3LT3.TGGTACCTAA.CATGAGTACT.5,Not properly paired reads (discordant),213976,0.16
TUMOR MAPPING/ALIGNING PER RG,22TLT3LT3.TGGTACCTAA.CATGAGTACT.5,Paired reads mapped to different chromosomes,144620,0.11
TUMOR MAPPING/ALIGNING PER RG,22TLT3LT3.TGGTACCTAA.CATGAGTACT.5,Paired reads mapped to different chromosomes (MAPQ>=10),75308,0.06
TUMOR MAPPING/ALIGNING PER RG,22TLT3LT3.TGGTACCTAA.CATGAGTACT.5,Reads mapping to multiple locations,6483466,4.88
TUMOR MAPPING/ALIGNING PER RG,22TLT3LT3.TGGTACCTAA.CATGAGTACT.5,Reads with MAPQ [40:inf),119432217,89.95
TUMOR MAPPING/ALIGNING PER RG,22TLT3LT3.TGGTACCTAA.CATGAGTACT.5,Reads with MAPQ [30:40),388647,0.29
TUMOR MAPPING/ALIGNING PER RG,22TLT3LT3.TGGTACCTAA.CATGAGTACT.5,Reads with MAPQ [20:30),1023998,0.77
TUMOR MAPPING/ALIGNING PER RG,22TLT3LT3.TGGTACCTAA.CATGAGTACT.5,Reads with MAPQ [10:20),1399706,1.05
TUMOR MAPPING/ALIGNING PER RG,22TLT3LT3.TGGTACCTAA.CATGAGTACT.5,Reads with MAPQ [ 0:10),7101425,5.35
TUMOR MAPPING/ALIGNING PER RG,22TLT3LT3.TGGTACCTAA.CATGAGTACT.5,Reads with MAPQ NA (Unmapped reads),3432022,2.58
TUMOR MAPPING/ALIGNING PER RG,22TLT3LT3.TGGTACCTAA.CATGAGTACT.5,Reads with indel R1,2002450,3.08
TUMOR MAPPING/ALIGNING PER RG,22TLT3LT3.TGGTACCTAA.CATGAGTACT.5,Reads with indel R2,1918853,2.99
TUMOR MAPPING/ALIGNING PER RG,22TLT3LT3.TGGTACCTAA.CATGAGTACT.5,Reads with splice junction,NA
TUMOR MAPPING/ALIGNING PER RG,22TLT3LT3.TGGTACCTAA.CATGAGTACT.5,Total bases,19604485804
TUMOR MAPPING/ALIGNING PER RG,22TLT3LT3.TGGTACCTAA.CATGAGTACT.5,Total bases R1,9804447589
TUMOR MAPPING/ALIGNING PER RG,22TLT3LT3.TGGTACCTAA.CATGAGTACT.5,Total bases R2,9800038215
TUMOR MAPPING/ALIGNING PER RG,22TLT3LT3.TGGTACCTAA.CATGAGTACT.5,Mapped bases,19095666594
TUMOR MAPPING/ALIGNING PER RG,22TLT3LT3.TGGTACCTAA.CATGAGTACT.5,Mapped bases R1,9614531423
TUMOR MAPPING/ALIGNING PER RG,22TLT3LT3.TGGTACCTAA.CATGAGTACT.5,Mapped bases R2,9481135171
TUMOR MAPPING/ALIGNING PER RG,22TLT3LT3.TGGTACCTAA.CATGAGTACT.5,Soft-clipped bases,159248558,0.83
TUMOR MAPPING/ALIGNING PER RG,22TLT3LT3.TGGTACCTAA.CATGAGTACT.5,Soft-clipped bases R1,64630114,0.67
TUMOR MAPPING/ALIGNING PER RG,22TLT3LT3.TGGTACCTAA.CATGAGTACT.5,Soft-clipped bases R2,94618444,1.00
TUMOR MAPPING/ALIGNING PER RG,22TLT3LT3.TGGTACCTAA.CATGAGTACT.5,Hard-clipped bases,0,0.00
TUMOR MAPPING/ALIGNING PER RG,22TLT3LT3.TGGTACCTAA.CATGAGTACT.5,Hard-clipped bases R1,0,0.00
TUMOR MAPPING/ALIGNING PER RG,22TLT3LT3.TGGTACCTAA.CATGAGTACT.5,Hard-clipped bases R2,0,0.00
TUMOR MAPPING/ALIGNING PER RG,22TLT3LT3.TGGTACCTAA.CATGAGTACT.5,Mismatched bases R1,54205264,0.56
TUMOR MAPPING/ALIGNING PER RG,22TLT3LT3.TGGTACCTAA.CATGAGTACT.5,Mismatched bases R2,56715145,0.60
TUMOR MAPPING/ALIGNING PER RG,22TLT3LT3.TGGTACCTAA.CATGAGTACT.5,Mismatched bases R1 (excl. indels),47955854,0.50
TUMOR MAPPING/ALIGNING PER RG,22TLT3LT3.TGGTACCTAA.CATGAGTACT.5,Mismatched bases R2 (excl. indels),50794376,0.54
TUMOR MAPPING/ALIGNING PER RG,22TLT3LT3.TGGTACCTAA.CATGAGTACT.5,Q30 bases,17939854331,91.51
TUMOR MAPPING/ALIGNING PER RG,22TLT3LT3.TGGTACCTAA.CATGAGTACT.5,Q30 bases R1,9046120068,92.27
TUMOR MAPPING/ALIGNING PER RG,22TLT3LT3.TGGTACCTAA.CATGAGTACT.5,Q30 bases R2,8893734263,90.75
TUMOR MAPPING/ALIGNING PER RG,22TLT3LT3.TGGTACCTAA.CATGAGTACT.5,Q30 bases (excl. dups & clipped bases),16165427842
TUMOR MAPPING/ALIGNING PER RG,22TLT3LT3.TGGTACCTAA.CATGAGTACT.5,Total alignments,129539242
TUMOR MAPPING/ALIGNING PER RG,22TLT3LT3.TGGTACCTAA.CATGAGTACT.5,Secondary alignments,0
TUMOR MAPPING/ALIGNING PER RG,22TLT3LT3.TGGTACCTAA.CATGAGTACT.5,Supplementary (chimeric) alignments,193249
TUMOR MAPPING/ALIGNING PER RG,22TLT3LT3.TGGTACCTAA.CATGAGTACT.5,Estimated read length,147.65
TUMOR MAPPING/ALIGNING PER RG,22TLT3LT3.TGGTACCTAA.CATGAGTACT.5,Insert length: mean,320.47
TUMOR MAPPING/ALIGNING PER RG,22TLT3LT3.TGGTACCTAA.CATGAGTACT.5,Insert length: median,308.00
TUMOR MAPPING/ALIGNING PER RG,22TLT3LT3.TGGTACCTAA.CATGAGTACT.5,Insert length: standard deviation,164.46
TUMOR MAPPING/ALIGNING PER RG,22TLNKLT3.TGGTACCTAA.CATGAGTACT.6,Total reads in RG,140792317,100.00
TUMOR MAPPING/ALIGNING PER RG,22TLNKLT3.TGGTACCTAA.CATGAGTACT.6,Number of duplicate marked reads,10515084,7.47
TUMOR MAPPING/ALIGNING PER RG,22TLNKLT3.TGGTACCTAA.CATGAGTACT.6,Number of duplicate marked and mate reads removed,NA
TUMOR MAPPING/ALIGNING PER RG,22TLNKLT3.TGGTACCTAA.CATGAGTACT.6,Number of unique reads (excl. duplicate marked reads),130277233,92.53
TUMOR MAPPING/ALIGNING PER RG,22TLNKLT3.TGGTACCTAA.CATGAGTACT.6,Reads with mate sequenced,140792317,100.00
TUMOR MAPPING/ALIGNING PER RG,22TLNKLT3.TGGTACCTAA.CATGAGTACT.6,Reads without mate sequenced,0,0.00
TUMOR MAPPING/ALIGNING PER RG,22TLNKLT3.TGGTACCTAA.CATGAGTACT.6,QC-failed reads,1079,0.00
TUMOR MAPPING/ALIGNING PER RG,22TLNKLT3.TGGTACCTAA.CATGAGTACT.6,Mapped reads,137678164,97.79
TUMOR MAPPING/ALIGNING PER RG,22TLNKLT3.TGGTACCTAA.CATGAGTACT.6,Mapped reads adjusted for excluded mapping,137678164,97.79
TUMOR MAPPING/ALIGNING PER RG,22TLNKLT3.TGGTACCTAA.CATGAGTACT.6,Mapped reads with filtered mapping (non-ref decoys + rRNA filter),140137845,99.54
TUMOR MAPPING/ALIGNING PER RG,22TLNKLT3.TGGTACCTAA.CATGAGTACT.6,Mapped reads adjusted for filtered and excluded mapping,140137845,99.54
TUMOR MAPPING/ALIGNING PER RG,22TLNKLT3.TGGTACCTAA.CATGAGTACT.6,Mapped reads R1,69019854,98.04
TUMOR MAPPING/ALIGNING PER RG,22TLNKLT3.TGGTACCTAA.CATGAGTACT.6,Mapped reads R2,68658310,97.53
TUMOR MAPPING/ALIGNING PER RG,22TLNKLT3.TGGTACCTAA.CATGAGTACT.6,Number of unique & mapped reads (excl. duplicate marked reads),127163080,90.32
TUMOR MAPPING/ALIGNING PER RG,22TLNKLT3.TGGTACCTAA.CATGAGTACT.6,Unmapped reads,3114153,2.21
TUMOR MAPPING/ALIGNING PER RG,22TLNKLT3.TGGTACCTAA.CATGAGTACT.6,Unmapped reads minus filtered mapping,654472,0.46
TUMOR MAPPING/ALIGNING PER RG,22TLNKLT3.TGGTACCTAA.CATGAGTACT.6,Unmapped reads adjusted for excluded mapping,3114153,2.21
TUMOR MAPPING/ALIGNING PER RG,22TLNKLT3.TGGTACCTAA.CATGAGTACT.6,Unmapped reads adjusted for filtered and excluded mapping,654472,0.46
TUMOR MAPPING/ALIGNING PER RG,22TLNKLT3.TGGTACCTAA.CATGAGTACT.6,Adjustment of reads matching non-reference decoys,2459681,1.75
TUMOR MAPPING/ALIGNING PER RG,22TLNKLT3.TGGTACCTAA.CATGAGTACT.6,Adjustment of reads matching filter contigs,NA
TUMOR MAPPING/ALIGNING PER RG,22TLNKLT3.TGGTACCTAA.CATGAGTACT.6,Filtered rRNA reads,NA
TUMOR MAPPING/ALIGNING PER RG,22TLNKLT3.TGGTACCTAA.CATGAGTACT.6,Adjustment of reads matching exclude contigs,NA
TUMOR MAPPING/ALIGNING PER RG,22TLNKLT3.TGGTACCTAA.CATGAGTACT.6,Mitochondrial reads excluded,NA
TUMOR MAPPING/ALIGNING PER RG,22TLNKLT3.TGGTACCTAA.CATGAGTACT.6,Singleton reads (itself mapped; mate unmapped),473622,0.34
TUMOR MAPPING/ALIGNING PER RG,22TLNKLT3.TGGTACCTAA.CATGAGTACT.6,Paired reads (itself & mate mapped),137204542,97.45
TUMOR MAPPING/ALIGNING PER RG,22TLNKLT3.TGGTACCTAA.CATGAGTACT.6,Properly paired reads,137001008,97.31
TUMOR MAPPING/ALIGNING PER RG,22TLNKLT3.TGGTACCTAA.CATGAGTACT.6,Not properly paired reads (discordant),203534,0.14
TUMOR MAPPING/ALIGNING PER RG,22TLNKLT3.TGGTACCTAA.CATGAGTACT.6,Paired reads mapped to different chromosomes,135072,0.10
TUMOR MAPPING/ALIGNING PER RG,22TLNKLT3.TGGTACCTAA.CATGAGTACT.6,Paired reads mapped to different chromosomes (MAPQ>=10),71938,0.05
TUMOR MAPPING/ALIGNING PER RG,22TLNKLT3.TGGTACCTAA.CATGAGTACT.6,Reads mapping to multiple locations,6826583,4.85
TUMOR MAPPING/ALIGNING PER RG,22TLNKLT3.TGGTACCTAA.CATGAGTACT.6,Reads with MAPQ [40:inf),127224470,90.36
TUMOR MAPPING/ALIGNING PER RG,22TLNKLT3.TGGTACCTAA.CATGAGTACT.6,Reads with MAPQ [30:40),412265,0.29
TUMOR MAPPING/ALIGNING PER RG,22TLNKLT3.TGGTACCTAA.CATGAGTACT.6,Reads with MAPQ [20:30),1096500,0.78
TUMOR MAPPING/ALIGNING PER RG,22TLNKLT3.TGGTACCTAA.CATGAGTACT.6,Reads with MAPQ [10:20),1476056,1.05
TUMOR MAPPING/ALIGNING PER RG,22TLNKLT3.TGGTACCTAA.CATGAGTACT.6,Reads with MAPQ [ 0:10),7468873,5.30
TUMOR MAPPING/ALIGNING PER RG,22TLNKLT3.TGGTACCTAA.CATGAGTACT.6,Reads with MAPQ NA (Unmapped reads),3114153,2.21
TUMOR MAPPING/ALIGNING PER RG,22TLNKLT3.TGGTACCTAA.CATGAGTACT.6,Reads with indel R1,2175020,3.15
TUMOR MAPPING/ALIGNING PER RG,22TLNKLT3.TGGTACCTAA.CATGAGTACT.6,Reads with indel R2,2112166,3.08
TUMOR MAPPING/ALIGNING PER RG,22TLNKLT3.TGGTACCTAA.CATGAGTACT.6,Reads with splice junction,NA
TUMOR MAPPING/ALIGNING PER RG,22TLNKLT3.TGGTACCTAA.CATGAGTACT.6,Total bases,20740387078
TUMOR MAPPING/ALIGNING PER RG,22TLNKLT3.TGGTACCTAA.CATGAGTACT.6,Total bases R1,10372702180
TUMOR MAPPING/ALIGNING PER RG,22TLNKLT3.TGGTACCTAA.CATGAGTACT.6,Total bases R2,10367684898
TUMOR MAPPING/ALIGNING PER RG,22TLNKLT3.TGGTACCTAA.CATGAGTACT.6,Mapped bases,20281073224
TUMOR MAPPING/ALIGNING PER RG,22TLNKLT3.TGGTACCTAA.CATGAGTACT.6,Mapped bases R1,10170217037
TUMOR MAPPING/ALIGNING PER RG,22TLNKLT3.TGGTACCTAA.CATGAGTACT.6,Mapped bases R2,10110856187
TUMOR MAPPING/ALIGNING PER RG,22TLNKLT3.TGGTACCTAA.CATGAGTACT.6,Soft-clipped bases,147980696,0.73
TUMOR MAPPING/ALIGNING PER RG,22TLNKLT3.TGGTACCTAA.CATGAGTACT.6,Soft-clipped bases R1,66335256,0.65
TUMOR MAPPING/ALIGNING PER RG,22TLNKLT3.TGGTACCTAA.CATGAGTACT.6,Soft-clipped bases R2,81645440,0.81
TUMOR MAPPING/ALIGNING PER RG,22TLNKLT3.TGGTACCTAA.CATGAGTACT.6,Hard-clipped bases,0,0.00
TUMOR MAPPING/ALIGNING PER RG,22TLNKLT3.TGGTACCTAA.CATGAGTACT.6,Hard-clipped bases R1,0,0.00
TUMOR MAPPING/ALIGNING PER RG,22TLNKLT3.TGGTACCTAA.CATGAGTACT.6,Hard-clipped bases R2,0,0.00
TUMOR MAPPING/ALIGNING PER RG,22TLNKLT3.TGGTACCTAA.CATGAGTACT.6,Mismatched bases R1,53842742,0.53
TUMOR MAPPING/ALIGNING PER RG,22TLNKLT3.TGGTACCTAA.CATGAGTACT.6,Mismatched bases R2,46118504,0.46
TUMOR MAPPING/ALIGNING PER RG,22TLNKLT3.TGGTACCTAA.CATGAGTACT.6,Mismatched bases R1 (excl. indels),47075001,0.46
TUMOR MAPPING/ALIGNING PER RG,22TLNKLT3.TGGTACCTAA.CATGAGTACT.6,Mismatched bases R2 (excl. indels),39613204,0.39
TUMOR MAPPING/ALIGNING PER RG,22TLNKLT3.TGGTACCTAA.CATGAGTACT.6,Q30 bases,19311403032,93.11
TUMOR MAPPING/ALIGNING PER RG,22TLNKLT3.TGGTACCTAA.CATGAGTACT.6,Q30 bases R1,9609867009,92.65
TUMOR MAPPING/ALIGNING PER RG,22TLNKLT3.TGGTACCTAA.CATGAGTACT.6,Q30 bases R2,9701536023,93.57
TUMOR MAPPING/ALIGNING PER RG,22TLNKLT3.TGGTACCTAA.CATGAGTACT.6,Q30 bases (excl. dups & clipped bases),17876089795
TUMOR MAPPING/ALIGNING PER RG,22TLNKLT3.TGGTACCTAA.CATGAGTACT.6,Total alignments,137873610
TUMOR MAPPING/ALIGNING PER RG,22TLNKLT3.TGGTACCTAA.CATGAGTACT.6,Secondary alignments,0
TUMOR MAPPING/ALIGNING PER RG,22TLNKLT3.TGGTACCTAA.CATGAGTACT.6,Supplementary (chimeric) alignments,195446
TUMOR MAPPING/ALIGNING PER RG,22TLNKLT3.TGGTACCTAA.CATGAGTACT.6,Estimated read length,147.31
TUMOR MAPPING/ALIGNING PER RG,22TLNKLT3.TGGTACCTAA.CATGAGTACT.6,Insert length: mean,316.91
TUMOR MAPPING/ALIGNING PER RG,22TLNKLT3.TGGTACCTAA.CATGAGTACT.6,Insert length: median,303.00
TUMOR MAPPING/ALIGNING PER RG,22TLNKLT3.TGGTACCTAA.CATGAGTACT.6,Insert length: standard deviation,165.09
TUMOR MAPPING/ALIGNING PER RG,22TLNKLT3.TGGTACCTAA.CATGAGTACT.7,Total reads in RG,170687299,100.00
TUMOR MAPPING/ALIGNING PER RG,22TLNKLT3.TGGTACCTAA.CATGAGTACT.7,Number of duplicate marked reads,13748130,8.05
TUMOR MAPPING/ALIGNING PER RG,22TLNKLT3.TGGTACCTAA.CATGAGTACT.7,Number of duplicate marked and mate reads removed,NA
TUMOR MAPPING/ALIGNING PER RG,22TLNKLT3.TGGTACCTAA.CATGAGTACT.7,Number of unique reads (excl. duplicate marked reads),156939169,91.95
TUMOR MAPPING/ALIGNING PER RG,22TLNKLT3.TGGTACCTAA.CATGAGTACT.7,Reads with mate sequenced,170687299,100.00
TUMOR MAPPING/ALIGNING PER RG,22TLNKLT3.TGGTACCTAA.CATGAGTACT.7,Reads without mate sequenced,0,0.00
TUMOR MAPPING/ALIGNING PER RG,22TLNKLT3.TGGTACCTAA.CATGAGTACT.7,QC-failed reads,1319,0.00
TUMOR MAPPING/ALIGNING PER RG,22TLNKLT3.TGGTACCTAA.CATGAGTACT.7,Mapped reads,166836983,97.74
TUMOR MAPPING/ALIGNING PER RG,22TLNKLT3.TGGTACCTAA.CATGAGTACT.7,Mapped reads adjusted for excluded mapping,166836983,97.74
TUMOR MAPPING/ALIGNING PER RG,22TLNKLT3.TGGTACCTAA.CATGAGTACT.7,Mapped reads with filtered mapping (non-ref decoys + rRNA filter),169832632,99.50
TUMOR MAPPING/ALIGNING PER RG,22TLNKLT3.TGGTACCTAA.CATGAGTACT.7,Mapped reads adjusted for filtered and excluded mapping,169832632,99.50
TUMOR MAPPING/ALIGNING PER RG,22TLNKLT3.TGGTACCTAA.CATGAGTACT.7,Mapped reads R1,83660386,98.03
TUMOR MAPPING/ALIGNING PER RG,22TLNKLT3.TGGTACCTAA.CATGAGTACT.7,Mapped reads R2,83176597,97.46
TUMOR MAPPING/ALIGNING PER RG,22TLNKLT3.TGGTACCTAA.CATGAGTACT.7,Number of unique & mapped reads (excl. duplicate marked reads),153088853,89.69
TUMOR MAPPING/ALIGNING PER RG,22TLNKLT3.TGGTACCTAA.CATGAGTACT.7,Unmapped reads,3850316,2.26
TUMOR MAPPING/ALIGNING PER RG,22TLNKLT3.TGGTACCTAA.CATGAGTACT.7,Unmapped reads minus filtered mapping,854667,0.50
TUMOR MAPPING/ALIGNING PER RG,22TLNKLT3.TGGTACCTAA.CATGAGTACT.7,Unmapped reads adjusted for excluded mapping,3850316,2.26
TUMOR MAPPING/ALIGNING PER RG,22TLNKLT3.TGGTACCTAA.CATGAGTACT.7,Unmapped reads adjusted for filtered and excluded mapping,854667,0.50
TUMOR MAPPING/ALIGNING PER RG,22TLNKLT3.TGGTACCTAA.CATGAGTACT.7,Adjustment of reads matching non-reference decoys,2995649,1.76
TUMOR MAPPING/ALIGNING PER RG,22TLNKLT3.TGGTACCTAA.CATGAGTACT.7,Adjustment of reads matching filter contigs,NA
TUMOR MAPPING/ALIGNING PER RG,22TLNKLT3.TGGTACCTAA.CATGAGTACT.7,Filtered rRNA reads,NA
TUMOR MAPPING/ALIGNING PER RG,22TLNKLT3.TGGTACCTAA.CATGAGTACT.7,Adjustment of reads matching exclude contigs,NA
TUMOR MAPPING/ALIGNING PER RG,22TLNKLT3.TGGTACCTAA.CATGAGTACT.7,Mitochondrial reads excluded,NA
TUMOR MAPPING/ALIGNING PER RG,22TLNKLT3.TGGTACCTAA.CATGAGTACT.7,Singleton reads (itself mapped; mate unmapped),620029,0.36
TUMOR MAPPING/ALIGNING PER RG,22TLNKLT3.TGGTACCTAA.CATGAGTACT.7,Paired reads (itself & mate mapped),166216954,97.38
TUMOR MAPPING/ALIGNING PER RG,22TLNKLT3.TGGTACCTAA.CATGAGTACT.7,Properly paired reads,165958264,97.23
TUMOR MAPPING/ALIGNING PER RG,22TLNKLT3.TGGTACCTAA.CATGAGTACT.7,Not properly paired reads (discordant),258690,0.15
TUMOR MAPPING/ALIGNING PER RG,22TLNKLT3.TGGTACCTAA.CATGAGTACT.7,Paired reads mapped to different chromosomes,171070,0.10
TUMOR MAPPING/ALIGNING PER RG,22TLNKLT3.TGGTACCTAA.CATGAGTACT.7,Paired reads mapped to different chromosomes (MAPQ>=10),91990,0.06
TUMOR MAPPING/ALIGNING PER RG,22TLNKLT3.TGGTACCTAA.CATGAGTACT.7,Reads mapping to multiple locations,8239968,4.83
TUMOR MAPPING/ALIGNING PER RG,22TLNKLT3.TGGTACCTAA.CATGAGTACT.7,Reads with MAPQ [40:inf),154208746,90.35
TUMOR MAPPING/ALIGNING PER RG,22TLNKLT3.TGGTACCTAA.CATGAGTACT.7,Reads with MAPQ [30:40),490745,0.29
TUMOR MAPPING/ALIGNING PER RG,22TLNKLT3.TGGTACCTAA.CATGAGTACT.7,Reads with MAPQ [20:30),1318128,0.77
TUMOR MAPPING/ALIGNING PER RG,22TLNKLT3.TGGTACCTAA.CATGAGTACT.7,Reads with MAPQ [10:20),1797314,1.05
TUMOR MAPPING/ALIGNING PER RG,22TLNKLT3.TGGTACCTAA.CATGAGTACT.7,Reads with MAPQ [ 0:10),9022050,5.29
TUMOR MAPPING/ALIGNING PER RG,22TLNKLT3.TGGTACCTAA.CATGAGTACT.7,Reads with MAPQ NA (Unmapped reads),3850316,2.26
TUMOR MAPPING/ALIGNING PER RG,22TLNKLT3.TGGTACCTAA.CATGAGTACT.7,Reads with indel R1,2665805,3.19
TUMOR MAPPING/ALIGNING PER RG,22TLNKLT3.TGGTACCTAA.CATGAGTACT.7,Reads with indel R2,2583518,3.11
TUMOR MAPPING/ALIGNING PER RG,22TLNKLT3.TGGTACCTAA.CATGAGTACT.7,Reads with splice junction,NA
TUMOR MAPPING/ALIGNING PER RG,22TLNKLT3.TGGTACCTAA.CATGAGTACT.7,Total bases,25197597903
TUMOR MAPPING/ALIGNING PER RG,22TLNKLT3.TGGTACCTAA.CATGAGTACT.7,Total bases R1,12601552949
TUMOR MAPPING/ALIGNING PER RG,22TLNKLT3.TGGTACCTAA.CATGAGTACT.7,Total bases R2,12596044954
TUMOR MAPPING/ALIGNING PER RG,22TLNKLT3.TGGTACCTAA.CATGAGTACT.7,Mapped bases,24628341823
TUMOR MAPPING/ALIGNING PER RG,22TLNKLT3.TGGTACCTAA.CATGAGTACT.7,Mapped bases R1,12353293652
TUMOR MAPPING/ALIGNING PER RG,22TLNKLT3.TGGTACCTAA.CATGAGTACT.7,Mapped bases R2,12275048171
TUMOR MAPPING/ALIGNING PER RG,22TLNKLT3.TGGTACCTAA.CATGAGTACT.7,Soft-clipped bases,176856375,0.72
TUMOR MAPPING/ALIGNING PER RG,22TLNKLT3.TGGTACCTAA.CATGAGTACT.7,Soft-clipped bases R1,77872386,0.63
TUMOR MAPPING/ALIGNING PER RG,22TLNKLT3.TGGTACCTAA.CATGAGTACT.7,Soft-clipped bases R2,98983989,0.81
TUMOR MAPPING/ALIGNING PER RG,22TLNKLT3.TGGTACCTAA.CATGAGTACT.7,Hard-clipped bases,0,0.00
TUMOR MAPPING/ALIGNING PER RG,22TLNKLT3.TGGTACCTAA.CATGAGTACT.7,Hard-clipped bases R1,0,0.00
TUMOR MAPPING/ALIGNING PER RG,22TLNKLT3.TGGTACCTAA.CATGAGTACT.7,Hard-clipped bases R2,0,0.00
TUMOR MAPPING/ALIGNING PER RG,22TLNKLT3.TGGTACCTAA.CATGAGTACT.7,Mismatched bases R1,61760264,0.50
TUMOR MAPPING/ALIGNING PER RG,22TLNKLT3.TGGTACCTAA.CATGAGTACT.7,Mismatched bases R2,55603541,0.45
TUMOR MAPPING/ALIGNING PER RG,22TLNKLT3.TGGTACCTAA.CATGAGTACT.7,Mismatched bases R1 (excl. indels),53417844,0.43
TUMOR MAPPING/ALIGNING PER RG,22TLNKLT3.TGGTACCTAA.CATGAGTACT.7,Mismatched bases R2 (excl. indels),47605198,0.39
TUMOR MAPPING/ALIGNING PER RG,22TLNKLT3.TGGTACCTAA.CATGAGTACT.7,Q30 bases,23556145594,93.49
TUMOR MAPPING/ALIGNING PER RG,22TLNKLT3.TGGTACCTAA.CATGAGTACT.7,Q30 bases R1,11746375105,93.21
TUMOR MAPPING/ALIGNING PER RG,22TLNKLT3.TGGTACCTAA.CATGAGTACT.7,Q30 bases R2,11809770489,93.76
TUMOR MAPPING/ALIGNING PER RG,22TLNKLT3.TGGTACCTAA.CATGAGTACT.7,Q30 bases (excl. dups & clipped bases),21664021326
TUMOR MAPPING/ALIGNING PER RG,22TLNKLT3.TGGTACCTAA.CATGAGTACT.7,Total alignments,167076625
TUMOR MAPPING/ALIGNING PER RG,22TLNKLT3.TGGTACCTAA.CATGAGTACT.7,Secondary alignments,0
TUMOR MAPPING/ALIGNING PER RG,22TLNKLT3.TGGTACCTAA.CATGAGTACT.7,Supplementary (chimeric) alignments,239642
TUMOR MAPPING/ALIGNING PER RG,22TLNKLT3.TGGTACCTAA.CATGAGTACT.7,Estimated read length,147.62
TUMOR MAPPING/ALIGNING PER RG,22TLNKLT3.TGGTACCTAA.CATGAGTACT.7,Insert length: mean,323.58
TUMOR MAPPING/ALIGNING PER RG,22TLNKLT3.TGGTACCTAA.CATGAGTACT.7,Insert length: median,309.00
TUMOR MAPPING/ALIGNING PER RG,22TLNKLT3.TGGTACCTAA.CATGAGTACT.7,Insert length: standard deviation,161.13
TUMOR MAPPING/ALIGNING PER RG,22TLNKLT3.TGGTACCTAA.CATGAGTACT.8,Total reads in RG,71987333,100.00
TUMOR MAPPING/ALIGNING PER RG,22TLNKLT3.TGGTACCTAA.CATGAGTACT.8,Number of duplicate marked reads,7427664,10.32
TUMOR MAPPING/ALIGNING PER RG,22TLNKLT3.TGGTACCTAA.CATGAGTACT.8,Number of duplicate marked and mate reads removed,NA
TUMOR MAPPING/ALIGNING PER RG,22TLNKLT3.TGGTACCTAA.CATGAGTACT.8,Number of unique reads (excl. duplicate marked reads),64559669,89.68
TUMOR MAPPING/ALIGNING PER RG,22TLNKLT3.TGGTACCTAA.CATGAGTACT.8,Reads with mate sequenced,71987333,100.00
TUMOR MAPPING/ALIGNING PER RG,22TLNKLT3.TGGTACCTAA.CATGAGTACT.8,Reads without mate sequenced,0,0.00
TUMOR MAPPING/ALIGNING PER RG,22TLNKLT3.TGGTACCTAA.CATGAGTACT.8,QC-failed reads,489,0.00
TUMOR MAPPING/ALIGNING PER RG,22TLNKLT3.TGGTACCTAA.CATGAGTACT.8,Mapped reads,70449957,97.86
TUMOR MAPPING/ALIGNING PER RG,22TLNKLT3.TGGTACCTAA.CATGAGTACT.8,Mapped reads adjusted for excluded mapping,70449957,97.86
TUMOR MAPPING/ALIGNING PER RG,22TLNKLT3.TGGTACCTAA.CATGAGTACT.8,Mapped reads with filtered mapping (non-ref decoys + rRNA filter),71716108,99.62
TUMOR MAPPING/ALIGNING PER RG,22TLNKLT3.TGGTACCTAA.CATGAGTACT.8,Mapped reads adjusted for filtered and excluded mapping,71716108,99.62
TUMOR MAPPING/ALIGNING PER RG,22TLNKLT3.TGGTACCTAA.CATGAGTACT.8,Mapped reads R1,35316690,98.12
TUMOR MAPPING/ALIGNING PER RG,22TLNKLT3.TGGTACCTAA.CATGAGTACT.8,Mapped reads R2,35133267,97.61
TUMOR MAPPING/ALIGNING PER RG,22TLNKLT3.TGGTACCTAA.CATGAGTACT.8,Number of unique & mapped reads (excl. duplicate marked reads),63022293,87.55
TUMOR MAPPING/ALIGNING PER RG,22TLNKLT3.TGGTACCTAA.CATGAGTACT.8,Unmapped reads,1537376,2.14
TUMOR MAPPING/ALIGNING PER RG,22TLNKLT3.TGGTACCTAA.CATGAGTACT.8,Unmapped reads minus filtered mapping,271225,0.38
TUMOR MAPPING/ALIGNING PER RG,22TLNKLT3.TGGTACCTAA.CATGAGTACT.8,Unmapped reads adjusted for excluded mapping,1537376,2.14
TUMOR MAPPING/ALIGNING PER RG,22TLNKLT3.TGGTACCTAA.CATGAGTACT.8,Unmapped reads adjusted for filtered and excluded mapping,271225,0.38
TUMOR MAPPING/ALIGNING PER RG,22TLNKLT3.TGGTACCTAA.CATGAGTACT.8,Adjustment of reads matching non-reference decoys,1266151,1.76
TUMOR MAPPING/ALIGNING PER RG,22TLNKLT3.TGGTACCTAA.CATGAGTACT.8,Adjustment of reads matching filter contigs,NA
TUMOR MAPPING/ALIGNING PER RG,22TLNKLT3.TGGTACCTAA.CATGAGTACT.8,Filtered rRNA reads,NA
TUMOR MAPPING/ALIGNING PER RG,22TLNKLT3.TGGTACCTAA.CATGAGTACT.8,Adjustment of reads matching exclude contigs,NA
TUMOR MAPPING/ALIGNING PER RG,22TLNKLT3.TGGTACCTAA.CATGAGTACT.8,Mitochondrial reads excluded,NA
TUMOR MAPPING/ALIGNING PER RG,22TLNKLT3.TGGTACCTAA.CATGAGTACT.8,Singleton reads (itself mapped; mate unmapped),224931,0.31
TUMOR MAPPING/ALIGNING PER RG,22TLNKLT3.TGGTACCTAA.CATGAGTACT.8,Paired reads (itself & mate mapped),70225026,97.55
TUMOR MAPPING/ALIGNING PER RG,22TLNKLT3.TGGTACCTAA.CATGAGTACT.8,Properly paired reads,70118236,97.40
TUMOR MAPPING/ALIGNING PER RG,22TLNKLT3.TGGTACCTAA.CATGAGTACT.8,Not properly paired reads (discordant),106790,0.15
TUMOR MAPPING/ALIGNING PER RG,22TLNKLT3.TGGTACCTAA.CATGAGTACT.8,Paired reads mapped to different chromosomes,69632,0.10
TUMOR MAPPING/ALIGNING PER RG,22TLNKLT3.TGGTACCTAA.CATGAGTACT.8,Paired reads mapped to different chromosomes (MAPQ>=10),39174,0.06
TUMOR MAPPING/ALIGNING PER RG,22TLNKLT3.TGGTACCTAA.CATGAGTACT.8,Reads mapping to multiple locations,3431991,4.77
TUMOR MAPPING/ALIGNING PER RG,22TLNKLT3.TGGTACCTAA.CATGAGTACT.8,Reads with MAPQ [40:inf),65164082,90.52
TUMOR MAPPING/ALIGNING PER RG,22TLNKLT3.TGGTACCTAA.CATGAGTACT.8,Reads with MAPQ [30:40),200103,0.28
TUMOR MAPPING/ALIGNING PER RG,22TLNKLT3.TGGTACCTAA.CATGAGTACT.8,Reads with MAPQ [20:30),552550,0.77
TUMOR MAPPING/ALIGNING PER RG,22TLNKLT3.TGGTACCTAA.CATGAGTACT.8,Reads with MAPQ [10:20),770458,1.07
TUMOR MAPPING/ALIGNING PER RG,22TLNKLT3.TGGTACCTAA.CATGAGTACT.8,Reads with MAPQ [ 0:10),3762764,5.23
TUMOR MAPPING/ALIGNING PER RG,22TLNKLT3.TGGTACCTAA.CATGAGTACT.8,Reads with MAPQ NA (Unmapped reads),1537376,2.14
TUMOR MAPPING/ALIGNING PER RG,22TLNKLT3.TGGTACCTAA.CATGAGTACT.8,Reads with indel R1,1138445,3.22
TUMOR MAPPING/ALIGNING PER RG,22TLNKLT3.TGGTACCTAA.CATGAGTACT.8,Reads with indel R2,1103845,3.14
TUMOR MAPPING/ALIGNING PER RG,22TLNKLT3.TGGTACCTAA.CATGAGTACT.8,Reads with splice junction,NA
TUMOR MAPPING/ALIGNING PER RG,22TLNKLT3.TGGTACCTAA.CATGAGTACT.8,Total bases,10658892882
TUMOR MAPPING/ALIGNING PER RG,22TLNKLT3.TGGTACCTAA.CATGAGTACT.8,Total bases R1,5330548471
TUMOR MAPPING/ALIGNING PER RG,22TLNKLT3.TGGTACCTAA.CATGAGTACT.8,Total bases R2,5328344411
TUMOR MAPPING/ALIGNING PER RG,22TLNKLT3.TGGTACCTAA.CATGAGTACT.8,Mapped bases,10431291952
TUMOR MAPPING/ALIGNING PER RG,22TLNKLT3.TGGTACCTAA.CATGAGTACT.8,Mapped bases R1,5230525051
TUMOR MAPPING/ALIGNING PER RG,22TLNKLT3.TGGTACCTAA.CATGAGTACT.8,Mapped bases R2,5200766901
TUMOR MAPPING/ALIGNING PER RG,22TLNKLT3.TGGTACCTAA.CATGAGTACT.8,Soft-clipped bases,70069426,0.67
TUMOR MAPPING/ALIGNING PER RG,22TLNKLT3.TGGTACCTAA.CATGAGTACT.8,Soft-clipped bases R1,31058678,0.59
TUMOR MAPPING/ALIGNING PER RG,22TLNKLT3.TGGTACCTAA.CATGAGTACT.8,Soft-clipped bases R2,39010748,0.75
TUMOR MAPPING/ALIGNING PER RG,22TLNKLT3.TGGTACCTAA.CATGAGTACT.8,Hard-clipped bases,0,0.00
TUMOR MAPPING/ALIGNING PER RG,22TLNKLT3.TGGTACCTAA.CATGAGTACT.8,Hard-clipped bases R1,0,0.00
TUMOR MAPPING/ALIGNING PER RG,22TLNKLT3.TGGTACCTAA.CATGAGTACT.8,Hard-clipped bases R2,0,0.00
TUMOR MAPPING/ALIGNING PER RG,22TLNKLT3.TGGTACCTAA.CATGAGTACT.8,Mismatched bases R1,23116310,0.44
TUMOR MAPPING/ALIGNING PER RG,22TLNKLT3.TGGTACCTAA.CATGAGTACT.8,Mismatched bases R2,20763192,0.40
TUMOR MAPPING/ALIGNING PER RG,22TLNKLT3.TGGTACCTAA.CATGAGTACT.8,Mismatched bases R1 (excl. indels),19570780,0.37
TUMOR MAPPING/ALIGNING PER RG,22TLNKLT3.TGGTACCTAA.CATGAGTACT.8,Mismatched bases R2 (excl. indels),17352888,0.33
TUMOR MAPPING/ALIGNING PER RG,22TLNKLT3.TGGTACCTAA.CATGAGTACT.8,Q30 bases,10091580288,94.68
TUMOR MAPPING/ALIGNING PER RG,22TLNKLT3.TGGTACCTAA.CATGAGTACT.8,Q30 bases R1,5035627610,94.47
TUMOR MAPPING/ALIGNING PER RG,22TLNKLT3.TGGTACCTAA.CATGAGTACT.8,Q30 bases R2,5055952678,94.89
TUMOR MAPPING/ALIGNING PER RG,22TLNKLT3.TGGTACCTAA.CATGAGTACT.8,Q30 bases (excl. dups & clipped bases),9052171205
TUMOR MAPPING/ALIGNING PER RG,22TLNKLT3.TGGTACCTAA.CATGAGTACT.8,Total alignments,70550030
TUMOR MAPPING/ALIGNING PER RG,22TLNKLT3.TGGTACCTAA.CATGAGTACT.8,Secondary alignments,0
TUMOR MAPPING/ALIGNING PER RG,22TLNKLT3.TGGTACCTAA.CATGAGTACT.8,Supplementary (chimeric) alignments,100073
TUMOR MAPPING/ALIGNING PER RG,22TLNKLT3.TGGTACCTAA.CATGAGTACT.8,Estimated read length,148.07
TUMOR MAPPING/ALIGNING PER RG,22TLNKLT3.TGGTACCTAA.CATGAGTACT.8,Insert length: mean,335.33
TUMOR MAPPING/ALIGNING PER RG,22TLNKLT3.TGGTACCTAA.CATGAGTACT.8,Insert length: median,318.00
TUMOR MAPPING/ALIGNING PER RG,22TLNKLT3.TGGTACCTAA.CATGAGTACT.8,Insert length: standard deviation,195.14
NORMAL MAPPING/ALIGNING PER RG,22TM2KLT3.CATTAGTGCG.TGACTACATA.8,Total reads in RG,276771555,100.00
NORMAL MAPPING/ALIGNING PER RG,22TM2KLT3.CATTAGTGCG.TGACTACATA.8,Number of duplicate marked reads,19887140,7.19
NORMAL MAPPING/ALIGNING PER RG,22TM2KLT3.CATTAGTGCG.TGACTACATA.8,Number of duplicate marked and mate reads removed,NA
NORMAL MAPPING/ALIGNING PER RG,22TM2KLT3.CATTAGTGCG.TGACTACATA.8,Number of unique reads (excl. duplicate marked reads),256884415,92.81
NORMAL MAPPING/ALIGNING PER RG,22TM2KLT3.CATTAGTGCG.TGACTACATA.8,Reads with mate sequenced,276771555,100.00
NORMAL MAPPING/ALIGNING PER RG,22TM2KLT3.CATTAGTGCG.TGACTACATA.8,Reads without mate sequenced,0,0.00
NORMAL MAPPING/ALIGNING PER RG,22TM2KLT3.CATTAGTGCG.TGACTACATA.8,QC-failed reads,2281,0.00
NORMAL MAPPING/ALIGNING PER RG,22TM2KLT3.CATTAGTGCG.TGACTACATA.8,Mapped reads,270028940,97.56
NORMAL MAPPING/ALIGNING PER RG,22TM2KLT3.CATTAGTGCG.TGACTACATA.8,Mapped reads adjusted for excluded mapping,270028940,97.56
NORMAL MAPPING/ALIGNING PER RG,22TM2KLT3.CATTAGTGCG.TGACTACATA.8,Mapped reads with filtered mapping (non-ref decoys + rRNA filter),274879214,99.32
NORMAL MAPPING/ALIGNING PER RG,22TM2KLT3.CATTAGTGCG.TGACTACATA.8,Mapped reads adjusted for filtered and excluded mapping,274879214,99.32
NORMAL MAPPING/ALIGNING PER RG,22TM2KLT3.CATTAGTGCG.TGACTACATA.8,Mapped reads R1,135565068,97.96
NORMAL MAPPING/ALIGNING PER RG,22TM2KLT3.CATTAGTGCG.TGACTACATA.8,Mapped reads R2,134463872,97.17
NORMAL MAPPING/ALIGNING PER RG,22TM2KLT3.CATTAGTGCG.TGACTACATA.8,Number of unique & mapped reads (excl. duplicate marked reads),250141800,90.38
NORMAL MAPPING/ALIGNING PER RG,22TM2KLT3.CATTAGTGCG.TGACTACATA.8,Unmapped reads,6742615,2.44
NORMAL MAPPING/ALIGNING PER RG,22TM2KLT3.CATTAGTGCG.TGACTACATA.8,Unmapped reads minus filtered mapping,1892341,0.68
NORMAL MAPPING/ALIGNING PER RG,22TM2KLT3.CATTAGTGCG.TGACTACATA.8,Unmapped reads adjusted for excluded mapping,6742615,2.44
NORMAL MAPPING/ALIGNING PER RG,22TM2KLT3.CATTAGTGCG.TGACTACATA.8,Unmapped reads adjusted for filtered and excluded mapping,1892341,0.68
NORMAL MAPPING/ALIGNING PER RG,22TM2KLT3.CATTAGTGCG.TGACTACATA.8,Adjustment of reads matching non-reference decoys,4850274,1.75
NORMAL MAPPING/ALIGNING PER RG,22TM2KLT3.CATTAGTGCG.TGACTACATA.8,Adjustment of reads matching filter contigs,NA
NORMAL MAPPING/ALIGNING PER RG,22TM2KLT3.CATTAGTGCG.TGACTACATA.8,Filtered rRNA reads,NA
NORMAL MAPPING/ALIGNING PER RG,22TM2KLT3.CATTAGTGCG.TGACTACATA.8,Adjustment of reads matching exclude contigs,NA
NORMAL MAPPING/ALIGNING PER RG,22TM2KLT3.CATTAGTGCG.TGACTACATA.8,Mitochondrial reads excluded,NA
NORMAL MAPPING/ALIGNING PER RG,22TM2KLT3.CATTAGTGCG.TGACTACATA.8,Singleton reads (itself mapped; mate unmapped),1330822,0.48
NORMAL MAPPING/ALIGNING PER RG,22TM2KLT3.CATTAGTGCG.TGACTACATA.8,Paired reads (itself & mate mapped),268698118,97.08
NORMAL MAPPING/ALIGNING PER RG,22TM2KLT3.CATTAGTGCG.TGACTACATA.8,Properly paired reads,268069972,96.86
NORMAL MAPPING/ALIGNING PER RG,22TM2KLT3.CATTAGTGCG.TGACTACATA.8,Not properly paired reads (discordant),628146,0.23
NORMAL MAPPING/ALIGNING PER RG,22TM2KLT3.CATTAGTGCG.TGACTACATA.8,Paired reads mapped to different chromosomes,462900,0.17
NORMAL MAPPING/ALIGNING PER RG,22TM2KLT3.CATTAGTGCG.TGACTACATA.8,Paired reads mapped to different chromosomes (MAPQ>=10),229382,0.09
NORMAL MAPPING/ALIGNING PER RG,22TM2KLT3.CATTAGTGCG.TGACTACATA.8,Reads mapping to multiple locations,13601457,4.91
NORMAL MAPPING/ALIGNING PER RG,22TM2KLT3.CATTAGTGCG.TGACTACATA.8,Reads with MAPQ [40:inf),249370035,90.10
NORMAL MAPPING/ALIGNING PER RG,22TM2KLT3.CATTAGTGCG.TGACTACATA.8,Reads with MAPQ [30:40),782028,0.28
NORMAL MAPPING/ALIGNING PER RG,22TM2KLT3.CATTAGTGCG.TGACTACATA.8,Reads with MAPQ [20:30),2175810,0.79
NORMAL MAPPING/ALIGNING PER RG,22TM2KLT3.CATTAGTGCG.TGACTACATA.8,Reads with MAPQ [10:20),2815963,1.02
NORMAL MAPPING/ALIGNING PER RG,22TM2KLT3.CATTAGTGCG.TGACTACATA.8,Reads with MAPQ [ 0:10),14885104,5.38
NORMAL MAPPING/ALIGNING PER RG,22TM2KLT3.CATTAGTGCG.TGACTACATA.8,Reads with MAPQ NA (Unmapped reads),6742615,2.44
NORMAL MAPPING/ALIGNING PER RG,22TM2KLT3.CATTAGTGCG.TGACTACATA.8,Reads with indel R1,4308418,3.18
NORMAL MAPPING/ALIGNING PER RG,22TM2KLT3.CATTAGTGCG.TGACTACATA.8,Reads with indel R2,4141707,3.08
NORMAL MAPPING/ALIGNING PER RG,22TM2KLT3.CATTAGTGCG.TGACTACATA.8,Reads with splice junction,NA
NORMAL MAPPING/ALIGNING PER RG,22TM2KLT3.CATTAGTGCG.TGACTACATA.8,Total bases,40772370745
NORMAL MAPPING/ALIGNING PER RG,22TM2KLT3.CATTAGTGCG.TGACTACATA.8,Total bases R1,20389756148
NORMAL MAPPING/ALIGNING PER RG,22TM2KLT3.CATTAGTGCG.TGACTACATA.8,Total bases R2,20382614597
NORMAL MAPPING/ALIGNING PER RG,22TM2KLT3.CATTAGTGCG.TGACTACATA.8,Mapped bases,39775877331
NORMAL MAPPING/ALIGNING PER RG,22TM2KLT3.CATTAGTGCG.TGACTACATA.8,Mapped bases R1,19974404015
NORMAL MAPPING/ALIGNING PER RG,22TM2KLT3.CATTAGTGCG.TGACTACATA.8,Mapped bases R2,19801473316
NORMAL MAPPING/ALIGNING PER RG,22TM2KLT3.CATTAGTGCG.TGACTACATA.8,Soft-clipped bases,331641278,0.83
NORMAL MAPPING/ALIGNING PER RG,22TM2KLT3.CATTAGTGCG.TGACTACATA.8,Soft-clipped bases R1,130778591,0.65
NORMAL MAPPING/ALIGNING PER RG,22TM2KLT3.CATTAGTGCG.TGACTACATA.8,Soft-clipped bases R2,200862687,1.01
NORMAL MAPPING/ALIGNING PER RG,22TM2KLT3.CATTAGTGCG.TGACTACATA.8,Hard-clipped bases,0,0.00
NORMAL MAPPING/ALIGNING PER RG,22TM2KLT3.CATTAGTGCG.TGACTACATA.8,Hard-clipped bases R1,0,0.00
NORMAL MAPPING/ALIGNING PER RG,22TM2KLT3.CATTAGTGCG.TGACTACATA.8,Hard-clipped bases R2,0,0.00
NORMAL MAPPING/ALIGNING PER RG,22TM2KLT3.CATTAGTGCG.TGACTACATA.8,Mismatched bases R1,98655138,0.49
NORMAL MAPPING/ALIGNING PER RG,22TM2KLT3.CATTAGTGCG.TGACTACATA.8,Mismatched bases R2,95008832,0.48
NORMAL MAPPING/ALIGNING PER RG,22TM2KLT3.CATTAGTGCG.TGACTACATA.8,Mismatched bases R1 (excl. indels),85211551,0.43
NORMAL MAPPING/ALIGNING PER RG,22TM2KLT3.CATTAGTGCG.TGACTACATA.8,Mismatched bases R2 (excl. indels),82200257,0.42
NORMAL MAPPING/ALIGNING PER RG,22TM2KLT3.CATTAGTGCG.TGACTACATA.8,Q30 bases,37885779253,92.92
NORMAL MAPPING/ALIGNING PER RG,22TM2KLT3.CATTAGTGCG.TGACTACATA.8,Q30 bases R1,18977984770,93.08
NORMAL MAPPING/ALIGNING PER RG,22TM2KLT3.CATTAGTGCG.TGACTACATA.8,Q30 bases R2,18907794483,92.76
NORMAL MAPPING/ALIGNING PER RG,22TM2KLT3.CATTAGTGCG.TGACTACATA.8,Q30 bases (excl. dups & clipped bases),35173621148
NORMAL MAPPING/ALIGNING PER RG,22TM2KLT3.CATTAGTGCG.TGACTACATA.8,Total alignments,270455589
NORMAL MAPPING/ALIGNING PER RG,22TM2KLT3.CATTAGTGCG.TGACTACATA.8,Secondary alignments,0
NORMAL MAPPING/ALIGNING PER RG,22TM2KLT3.CATTAGTGCG.TGACTACATA.8,Supplementary (chimeric) alignments,426649
NORMAL MAPPING/ALIGNING PER RG,22TM2KLT3.CATTAGTGCG.TGACTACATA.8,Estimated read length,147.31
NORMAL MAPPING/ALIGNING PER RG,22TM2KLT3.CATTAGTGCG.TGACTACATA.8,Insert length: mean,312.06
NORMAL MAPPING/ALIGNING PER RG,22TM2KLT3.CATTAGTGCG.TGACTACATA.8,Insert length: median,300.00
NORMAL MAPPING/ALIGNING PER RG,22TM2KLT3.CATTAGTGCG.TGACTACATA.8,Insert length: standard deviation,143.17
NORMAL MAPPING/ALIGNING PER RG,22TLT3LT3.CATTAGTGCG.TGACTACATA.4,Total reads in RG,173650147,100.00
NORMAL MAPPING/ALIGNING PER RG,22TLT3LT3.CATTAGTGCG.TGACTACATA.4,Number of duplicate marked reads,18598552,10.71
NORMAL MAPPING/ALIGNING PER RG,22TLT3LT3.CATTAGTGCG.TGACTACATA.4,Number of duplicate marked and mate reads removed,NA
NORMAL MAPPING/ALIGNING PER RG,22TLT3LT3.CATTAGTGCG.TGACTACATA.4,Number of unique reads (excl. duplicate marked reads),155051595,89.29
NORMAL MAPPING/ALIGNING PER RG,22TLT3LT3.CATTAGTGCG.TGACTACATA.4,Reads with mate sequenced,173650147,100.00
NORMAL MAPPING/ALIGNING PER RG,22TLT3LT3.CATTAGTGCG.TGACTACATA.4,Reads without mate sequenced,0,0.00
NORMAL MAPPING/ALIGNING PER RG,22TLT3LT3.CATTAGTGCG.TGACTACATA.4,QC-failed reads,1353,0.00
NORMAL MAPPING/ALIGNING PER RG,22TLT3LT3.CATTAGTGCG.TGACTACATA.4,Mapped reads,169452986,97.58
NORMAL MAPPING/ALIGNING PER RG,22TLT3LT3.CATTAGTGCG.TGACTACATA.4,Mapped reads adjusted for excluded mapping,169452986,97.58
NORMAL MAPPING/ALIGNING PER RG,22TLT3LT3.CATTAGTGCG.TGACTACATA.4,Mapped reads with filtered mapping (non-ref decoys + rRNA filter),172484288,99.33
NORMAL MAPPING/ALIGNING PER RG,22TLT3LT3.CATTAGTGCG.TGACTACATA.4,Mapped reads adjusted for filtered and excluded mapping,172484288,99.33
NORMAL MAPPING/ALIGNING PER RG,22TLT3LT3.CATTAGTGCG.TGACTACATA.4,Mapped reads R1,85153776,98.07
NORMAL MAPPING/ALIGNING PER RG,22TLT3LT3.CATTAGTGCG.TGACTACATA.4,Mapped reads R2,84299210,97.09
NORMAL MAPPING/ALIGNING PER RG,22TLT3LT3.CATTAGTGCG.TGACTACATA.4,Number of unique & mapped reads (excl. duplicate marked reads),150854434,86.87
NORMAL MAPPING/ALIGNING PER RG,22TLT3LT3.CATTAGTGCG.TGACTACATA.4,Unmapped reads,4197161,2.42
NORMAL MAPPING/ALIGNING PER RG,22TLT3LT3.CATTAGTGCG.TGACTACATA.4,Unmapped reads minus filtered mapping,1165859,0.67
NORMAL MAPPING/ALIGNING PER RG,22TLT3LT3.CATTAGTGCG.TGACTACATA.4,Unmapped reads adjusted for excluded mapping,4197161,2.42
NORMAL MAPPING/ALIGNING PER RG,22TLT3LT3.CATTAGTGCG.TGACTACATA.4,Unmapped reads adjusted for filtered and excluded mapping,1165859,0.67
NORMAL MAPPING/ALIGNING PER RG,22TLT3LT3.CATTAGTGCG.TGACTACATA.4,Adjustment of reads matching non-reference decoys,3031302,1.75
NORMAL MAPPING/ALIGNING PER RG,22TLT3LT3.CATTAGTGCG.TGACTACATA.4,Adjustment of reads matching filter contigs,NA
NORMAL MAPPING/ALIGNING PER RG,22TLT3LT3.CATTAGTGCG.TGACTACATA.4,Filtered rRNA reads,NA
NORMAL MAPPING/ALIGNING PER RG,22TLT3LT3.CATTAGTGCG.TGACTACATA.4,Adjustment of reads matching exclude contigs,NA
NORMAL MAPPING/ALIGNING PER RG,22TLT3LT3.CATTAGTGCG.TGACTACATA.4,Mitochondrial reads excluded,NA
NORMAL MAPPING/ALIGNING PER RG,22TLT3LT3.CATTAGTGCG.TGACTACATA.4,Singleton reads (itself mapped; mate unmapped),961034,0.55
NORMAL MAPPING/ALIGNING PER RG,22TLT3LT3.CATTAGTGCG.TGACTACATA.4,Paired reads (itself & mate mapped),168491952,97.03
NORMAL MAPPING/ALIGNING PER RG,22TLT3LT3.CATTAGTGCG.TGACTACATA.4,Properly paired reads,168203294,96.86
NORMAL MAPPING/ALIGNING PER RG,22TLT3LT3.CATTAGTGCG.TGACTACATA.4,Not properly paired reads (discordant),288658,0.17
NORMAL MAPPING/ALIGNING PER RG,22TLT3LT3.CATTAGTGCG.TGACTACATA.4,Paired reads mapped to different chromosomes,192958,0.11
NORMAL MAPPING/ALIGNING PER RG,22TLT3LT3.CATTAGTGCG.TGACTACATA.4,Paired reads mapped to different chromosomes (MAPQ>=10),106983,0.06
NORMAL MAPPING/ALIGNING PER RG,22TLT3LT3.CATTAGTGCG.TGACTACATA.4,Reads mapping to multiple locations,8285265,4.77
NORMAL MAPPING/ALIGNING PER RG,22TLT3LT3.CATTAGTGCG.TGACTACATA.4,Reads with MAPQ [40:inf),156722509,90.25
NORMAL MAPPING/ALIGNING PER RG,22TLT3LT3.CATTAGTGCG.TGACTACATA.4,Reads with MAPQ [30:40),484793,0.28
NORMAL MAPPING/ALIGNING PER RG,22TLT3LT3.CATTAGTGCG.TGACTACATA.4,Reads with MAPQ [20:30),1321936,0.76
NORMAL MAPPING/ALIGNING PER RG,22TLT3LT3.CATTAGTGCG.TGACTACATA.4,Reads with MAPQ [10:20),1838751,1.06
NORMAL MAPPING/ALIGNING PER RG,22TLT3LT3.CATTAGTGCG.TGACTACATA.4,Reads with MAPQ [ 0:10),9084997,5.23
NORMAL MAPPING/ALIGNING PER RG,22TLT3LT3.CATTAGTGCG.TGACTACATA.4,Reads with MAPQ NA (Unmapped reads),4197161,2.42
NORMAL MAPPING/ALIGNING PER RG,22TLT3LT3.CATTAGTGCG.TGACTACATA.4,Reads with indel R1,2700670,3.17
NORMAL MAPPING/ALIGNING PER RG,22TLT3LT3.CATTAGTGCG.TGACTACATA.4,Reads with indel R2,2598711,3.08
NORMAL MAPPING/ALIGNING PER RG,22TLT3LT3.CATTAGTGCG.TGACTACATA.4,Reads with splice junction,NA
NORMAL MAPPING/ALIGNING PER RG,22TLT3LT3.CATTAGTGCG.TGACTACATA.4,Total bases,25727137268
NORMAL MAPPING/ALIGNING PER RG,22TLT3LT3.CATTAGTGCG.TGACTACATA.4,Total bases R1,12866149064
NORMAL MAPPING/ALIGNING PER RG,22TLT3LT3.CATTAGTGCG.TGACTACATA.4,Total bases R2,12860988204
NORMAL MAPPING/ALIGNING PER RG,22TLT3LT3.CATTAGTGCG.TGACTACATA.4,Mapped bases,25103792958
NORMAL MAPPING/ALIGNING PER RG,22TLT3LT3.CATTAGTGCG.TGACTACATA.4,Mapped bases R1,12618830035
NORMAL MAPPING/ALIGNING PER RG,22TLT3LT3.CATTAGTGCG.TGACTACATA.4,Mapped bases R2,12484962923
NORMAL MAPPING/ALIGNING PER RG,22TLT3LT3.CATTAGTGCG.TGACTACATA.4,Soft-clipped bases,187126986,0.75
NORMAL MAPPING/ALIGNING PER RG,22TLT3LT3.CATTAGTGCG.TGACTACATA.4,Soft-clipped bases R1,79440053,0.63
NORMAL MAPPING/ALIGNING PER RG,22TLT3LT3.CATTAGTGCG.TGACTACATA.4,Soft-clipped bases R2,107686933,0.86
NORMAL MAPPING/ALIGNING PER RG,22TLT3LT3.CATTAGTGCG.TGACTACATA.4,Hard-clipped bases,0,0.00
NORMAL MAPPING/ALIGNING PER RG,22TLT3LT3.CATTAGTGCG.TGACTACATA.4,Hard-clipped bases R1,0,0.00
NORMAL MAPPING/ALIGNING PER RG,22TLT3LT3.CATTAGTGCG.TGACTACATA.4,Hard-clipped bases R2,0,0.00
NORMAL MAPPING/ALIGNING PER RG,22TLT3LT3.CATTAGTGCG.TGACTACATA.4,Mismatched bases R1,66831001,0.53
NORMAL MAPPING/ALIGNING PER RG,22TLT3LT3.CATTAGTGCG.TGACTACATA.4,Mismatched bases R2,69134952,0.55
NORMAL MAPPING/ALIGNING PER RG,22TLT3LT3.CATTAGTGCG.TGACTACATA.4,Mismatched bases R1 (excl. indels),58442202,0.46
NORMAL MAPPING/ALIGNING PER RG,22TLT3LT3.CATTAGTGCG.TGACTACATA.4,Mismatched bases R2 (excl. indels),61162514,0.49
NORMAL MAPPING/ALIGNING PER RG,22TLT3LT3.CATTAGTGCG.TGACTACATA.4,Q30 bases,23768899247,92.39
NORMAL MAPPING/ALIGNING PER RG,22TLT3LT3.CATTAGTGCG.TGACTACATA.4,Q30 bases R1,11955055219,92.92
NORMAL MAPPING/ALIGNING PER RG,22TLT3LT3.CATTAGTGCG.TGACTACATA.4,Q30 bases R2,11813844028,91.86
NORMAL MAPPING/ALIGNING PER RG,22TLT3LT3.CATTAGTGCG.TGACTACATA.4,Q30 bases (excl. dups & clipped bases),21259806353
NORMAL MAPPING/ALIGNING PER RG,22TLT3LT3.CATTAGTGCG.TGACTACATA.4,Total alignments,169703369
NORMAL MAPPING/ALIGNING PER RG,22TLT3LT3.CATTAGTGCG.TGACTACATA.4,Secondary alignments,0
NORMAL MAPPING/ALIGNING PER RG,22TLT3LT3.CATTAGTGCG.TGACTACATA.4,Supplementary (chimeric) alignments,250383
NORMAL MAPPING/ALIGNING PER RG,22TLT3LT3.CATTAGTGCG.TGACTACATA.4,Estimated read length,148.15
NORMAL MAPPING/ALIGNING PER RG,22TLT3LT3.CATTAGTGCG.TGACTACATA.4,Insert length: mean,329.00
NORMAL MAPPING/ALIGNING PER RG,22TLT3LT3.CATTAGTGCG.TGACTACATA.4,Insert length: median,315.00
NORMAL MAPPING/ALIGNING PER RG,22TLT3LT3.CATTAGTGCG.TGACTACATA.4,Insert length: standard deviation,156.58
NORMAL MAPPING/ALIGNING PER RG,22TLT3LT3.CATTAGTGCG.TGACTACATA.5,Total reads in RG,121459900,100.00
NORMAL MAPPING/ALIGNING PER RG,22TLT3LT3.CATTAGTGCG.TGACTACATA.5,Number of duplicate marked reads,11452784,9.43
NORMAL MAPPING/ALIGNING PER RG,22TLT3LT3.CATTAGTGCG.TGACTACATA.5,Number of duplicate marked and mate reads removed,NA
NORMAL MAPPING/ALIGNING PER RG,22TLT3LT3.CATTAGTGCG.TGACTACATA.5,Number of unique reads (excl. duplicate marked reads),110007116,90.57
NORMAL MAPPING/ALIGNING PER RG,22TLT3LT3.CATTAGTGCG.TGACTACATA.5,Reads with mate sequenced,121459900,100.00
NORMAL MAPPING/ALIGNING PER RG,22TLT3LT3.CATTAGTGCG.TGACTACATA.5,Reads without mate sequenced,0,0.00
NORMAL MAPPING/ALIGNING PER RG,22TLT3LT3.CATTAGTGCG.TGACTACATA.5,QC-failed reads,986,0.00
NORMAL MAPPING/ALIGNING PER RG,22TLT3LT3.CATTAGTGCG.TGACTACATA.5,Mapped reads,118333768,97.43
NORMAL MAPPING/ALIGNING PER RG,22TLT3LT3.CATTAGTGCG.TGACTACATA.5,Mapped reads adjusted for excluded mapping,118333768,97.43
NORMAL MAPPING/ALIGNING PER RG,22TLT3LT3.CATTAGTGCG.TGACTACATA.5,Mapped reads with filtered mapping (non-ref decoys + rRNA filter),120458230,99.18
NORMAL MAPPING/ALIGNING PER RG,22TLT3LT3.CATTAGTGCG.TGACTACATA.5,Mapped reads adjusted for filtered and excluded mapping,120458230,99.18
NORMAL MAPPING/ALIGNING PER RG,22TLT3LT3.CATTAGTGCG.TGACTACATA.5,Mapped reads R1,59574172,98.10
NORMAL MAPPING/ALIGNING PER RG,22TLT3LT3.CATTAGTGCG.TGACTACATA.5,Mapped reads R2,58759596,96.76
NORMAL MAPPING/ALIGNING PER RG,22TLT3LT3.CATTAGTGCG.TGACTACATA.5,Number of unique & mapped reads (excl. duplicate marked reads),106880984,88.00
NORMAL MAPPING/ALIGNING PER RG,22TLT3LT3.CATTAGTGCG.TGACTACATA.5,Unmapped reads,3126132,2.57
NORMAL MAPPING/ALIGNING PER RG,22TLT3LT3.CATTAGTGCG.TGACTACATA.5,Unmapped reads minus filtered mapping,1001670,0.82
NORMAL MAPPING/ALIGNING PER RG,22TLT3LT3.CATTAGTGCG.TGACTACATA.5,Unmapped reads adjusted for excluded mapping,3126132,2.57
NORMAL MAPPING/ALIGNING PER RG,22TLT3LT3.CATTAGTGCG.TGACTACATA.5,Unmapped reads adjusted for filtered and excluded mapping,1001670,0.82
NORMAL MAPPING/ALIGNING PER RG,22TLT3LT3.CATTAGTGCG.TGACTACATA.5,Adjustment of reads matching non-reference decoys,2124462,1.75
NORMAL MAPPING/ALIGNING PER RG,22TLT3LT3.CATTAGTGCG.TGACTACATA.5,Adjustment of reads matching filter contigs,NA
NORMAL MAPPING/ALIGNING PER RG,22TLT3LT3.CATTAGTGCG.TGACTACATA.5,Filtered rRNA reads,NA
NORMAL MAPPING/ALIGNING PER RG,22TLT3LT3.CATTAGTGCG.TGACTACATA.5,Adjustment of reads matching exclude contigs,NA
NORMAL MAPPING/ALIGNING PER RG,22TLT3LT3.CATTAGTGCG.TGACTACATA.5,Mitochondrial reads excluded,NA
NORMAL MAPPING/ALIGNING PER RG,22TLT3LT3.CATTAGTGCG.TGACTACATA.5,Singleton reads (itself mapped; mate unmapped),886424,0.73
NORMAL MAPPING/ALIGNING PER RG,22TLT3LT3.CATTAGTGCG.TGACTACATA.5,Paired reads (itself & mate mapped),117447344,96.70
NORMAL MAPPING/ALIGNING PER RG,22TLT3LT3.CATTAGTGCG.TGACTACATA.5,Properly paired reads,117231710,96.52
NORMAL MAPPING/ALIGNING PER RG,22TLT3LT3.CATTAGTGCG.TGACTACATA.5,Not properly paired reads (discordant),215634,0.18
NORMAL MAPPING/ALIGNING PER RG,22TLT3LT3.CATTAGTGCG.TGACTACATA.5,Paired reads mapped to different chromosomes,148730,0.13
NORMAL MAPPING/ALIGNING PER RG,22TLT3LT3.CATTAGTGCG.TGACTACATA.5,Paired reads mapped to different chromosomes (MAPQ>=10),79231,0.07
NORMAL MAPPING/ALIGNING PER RG,22TLT3LT3.CATTAGTGCG.TGACTACATA.5,Reads mapping to multiple locations,5894564,4.85
NORMAL MAPPING/ALIGNING PER RG,22TLT3LT3.CATTAGTGCG.TGACTACATA.5,Reads with MAPQ [40:inf),109313170,90.00
NORMAL MAPPING/ALIGNING PER RG,22TLT3LT3.CATTAGTGCG.TGACTACATA.5,Reads with MAPQ [30:40),347896,0.29
NORMAL MAPPING/ALIGNING PER RG,22TLT3LT3.CATTAGTGCG.TGACTACATA.5,Reads with MAPQ [20:30),933491,0.77
NORMAL MAPPING/ALIGNING PER RG,22TLT3LT3.CATTAGTGCG.TGACTACATA.5,Reads with MAPQ [10:20),1280526,1.05
NORMAL MAPPING/ALIGNING PER RG,22TLT3LT3.CATTAGTGCG.TGACTACATA.5,Reads with MAPQ [ 0:10),6458685,5.32
NORMAL MAPPING/ALIGNING PER RG,22TLT3LT3.CATTAGTGCG.TGACTACATA.5,Reads with MAPQ NA (Unmapped reads),3126132,2.57
NORMAL MAPPING/ALIGNING PER RG,22TLT3LT3.CATTAGTGCG.TGACTACATA.5,Reads with indel R1,1833771,3.08
NORMAL MAPPING/ALIGNING PER RG,22TLT3LT3.CATTAGTGCG.TGACTACATA.5,Reads with indel R2,1751439,2.98
NORMAL MAPPING/ALIGNING PER RG,22TLT3LT3.CATTAGTGCG.TGACTACATA.5,Reads with splice junction,NA
NORMAL MAPPING/ALIGNING PER RG,22TLT3LT3.CATTAGTGCG.TGACTACATA.5,Total bases,17961059550
NORMAL MAPPING/ALIGNING PER RG,22TLT3LT3.CATTAGTGCG.TGACTACATA.5,Total bases R1,8982331853
NORMAL MAPPING/ALIGNING PER RG,22TLT3LT3.CATTAGTGCG.TGACTACATA.5,Total bases R2,8978727697
NORMAL MAPPING/ALIGNING PER RG,22TLT3LT3.CATTAGTGCG.TGACTACATA.5,Mapped bases,17497063336
NORMAL MAPPING/ALIGNING PER RG,22TLT3LT3.CATTAGTGCG.TGACTACATA.5,Mapped bases R1,8811719392
NORMAL MAPPING/ALIGNING PER RG,22TLT3LT3.CATTAGTGCG.TGACTACATA.5,Mapped bases R2,8685343944
NORMAL MAPPING/ALIGNING PER RG,22TLT3LT3.CATTAGTGCG.TGACTACATA.5,Soft-clipped bases,144411302,0.83
NORMAL MAPPING/ALIGNING PER RG,22TLT3LT3.CATTAGTGCG.TGACTACATA.5,Soft-clipped bases R1,57680955,0.65
NORMAL MAPPING/ALIGNING PER RG,22TLT3LT3.CATTAGTGCG.TGACTACATA.5,Soft-clipped bases R2,86730347,1.00
NORMAL MAPPING/ALIGNING PER RG,22TLT3LT3.CATTAGTGCG.TGACTACATA.5,Hard-clipped bases,0,0.00
NORMAL MAPPING/ALIGNING PER RG,22TLT3LT3.CATTAGTGCG.TGACTACATA.5,Hard-clipped bases R1,0,0.00
NORMAL MAPPING/ALIGNING PER RG,22TLT3LT3.CATTAGTGCG.TGACTACATA.5,Hard-clipped bases R2,0,0.00
NORMAL MAPPING/ALIGNING PER RG,22TLT3LT3.CATTAGTGCG.TGACTACATA.5,Mismatched bases R1,49227211,0.56
NORMAL MAPPING/ALIGNING PER RG,22TLT3LT3.CATTAGTGCG.TGACTACATA.5,Mismatched bases R2,51449783,0.59
NORMAL MAPPING/ALIGNING PER RG,22TLT3LT3.CATTAGTGCG.TGACTACATA.5,Mismatched bases R1 (excl. indels),43492543,0.49
NORMAL MAPPING/ALIGNING PER RG,22TLT3LT3.CATTAGTGCG.TGACTACATA.5,Mismatched bases R2 (excl. indels),46037486,0.53
NORMAL MAPPING/ALIGNING PER RG,22TLT3LT3.CATTAGTGCG.TGACTACATA.5,Q30 bases,16457545192,91.63
NORMAL MAPPING/ALIGNING PER RG,22TLT3LT3.CATTAGTGCG.TGACTACATA.5,Q30 bases R1,8297714320,92.38
NORMAL MAPPING/ALIGNING PER RG,22TLT3LT3.CATTAGTGCG.TGACTACATA.5,Q30 bases R2,8159830872,90.88
NORMAL MAPPING/ALIGNING PER RG,22TLT3LT3.CATTAGTGCG.TGACTACATA.5,Q30 bases (excl. dups & clipped bases),14918562474
NORMAL MAPPING/ALIGNING PER RG,22TLT3LT3.CATTAGTGCG.TGACTACATA.5,Total alignments,118522690
NORMAL MAPPING/ALIGNING PER RG,22TLT3LT3.CATTAGTGCG.TGACTACATA.5,Secondary alignments,0
NORMAL MAPPING/ALIGNING PER RG,22TLT3LT3.CATTAGTGCG.TGACTACATA.5,Supplementary (chimeric) alignments,188922
NORMAL MAPPING/ALIGNING PER RG,22TLT3LT3.CATTAGTGCG.TGACTACATA.5,Estimated read length,147.88
NORMAL MAPPING/ALIGNING PER RG,22TLT3LT3.CATTAGTGCG.TGACTACATA.5,Insert length: mean,320.63
NORMAL MAPPING/ALIGNING PER RG,22TLT3LT3.CATTAGTGCG.TGACTACATA.5,Insert length: median,309.00
NORMAL MAPPING/ALIGNING PER RG,22TLT3LT3.CATTAGTGCG.TGACTACATA.5,Insert length: standard deviation,164.73
NORMAL MAPPING/ALIGNING PER RG,22TLNKLT3.CATTAGTGCG.TGACTACATA.6,Total reads in RG,131888911,100.00
NORMAL MAPPING/ALIGNING PER RG,22TLNKLT3.CATTAGTGCG.TGACTACATA.6,Number of duplicate marked reads,9314683,7.06
NORMAL MAPPING/ALIGNING PER RG,22TLNKLT3.CATTAGTGCG.TGACTACATA.6,Number of duplicate marked and mate reads removed,NA
NORMAL MAPPING/ALIGNING PER RG,22TLNKLT3.CATTAGTGCG.TGACTACATA.6,Number of unique reads (excl. duplicate marked reads),122574228,92.94
NORMAL MAPPING/ALIGNING PER RG,22TLNKLT3.CATTAGTGCG.TGACTACATA.6,Reads with mate sequenced,131888911,100.00
NORMAL MAPPING/ALIGNING PER RG,22TLNKLT3.CATTAGTGCG.TGACTACATA.6,Reads without mate sequenced,0,0.00
NORMAL MAPPING/ALIGNING PER RG,22TLNKLT3.CATTAGTGCG.TGACTACATA.6,QC-failed reads,1071,0.00
NORMAL MAPPING/ALIGNING PER RG,22TLNKLT3.CATTAGTGCG.TGACTACATA.6,Mapped reads,128927105,97.75
NORMAL MAPPING/ALIGNING PER RG,22TLNKLT3.CATTAGTGCG.TGACTACATA.6,Mapped reads adjusted for excluded mapping,128927105,97.75
NORMAL MAPPING/ALIGNING PER RG,22TLNKLT3.CATTAGTGCG.TGACTACATA.6,Mapped reads with filtered mapping (non-ref decoys + rRNA filter),131221406,99.49
NORMAL MAPPING/ALIGNING PER RG,22TLNKLT3.CATTAGTGCG.TGACTACATA.6,Mapped reads adjusted for filtered and excluded mapping,131221406,99.49
NORMAL MAPPING/ALIGNING PER RG,22TLNKLT3.CATTAGTGCG.TGACTACATA.6,Mapped reads R1,64656084,98.05
NORMAL MAPPING/ALIGNING PER RG,22TLNKLT3.CATTAGTGCG.TGACTACATA.6,Mapped reads R2,64271021,97.46
NORMAL MAPPING/ALIGNING PER RG,22TLNKLT3.CATTAGTGCG.TGACTACATA.6,Number of unique & mapped reads (excl. duplicate marked reads),119612422,90.69
NORMAL MAPPING/ALIGNING PER RG,22TLNKLT3.CATTAGTGCG.TGACTACATA.6,Unmapped reads,2961806,2.25
NORMAL MAPPING/ALIGNING PER RG,22TLNKLT3.CATTAGTGCG.TGACTACATA.6,Unmapped reads minus filtered mapping,667505,0.51
NORMAL MAPPING/ALIGNING PER RG,22TLNKLT3.CATTAGTGCG.TGACTACATA.6,Unmapped reads adjusted for excluded mapping,2961806,2.25
NORMAL MAPPING/ALIGNING PER RG,22TLNKLT3.CATTAGTGCG.TGACTACATA.6,Unmapped reads adjusted for filtered and excluded mapping,667505,0.51
NORMAL MAPPING/ALIGNING PER RG,22TLNKLT3.CATTAGTGCG.TGACTACATA.6,Adjustment of reads matching non-reference decoys,2294301,1.74
NORMAL MAPPING/ALIGNING PER RG,22TLNKLT3.CATTAGTGCG.TGACTACATA.6,Adjustment of reads matching filter contigs,NA
NORMAL MAPPING/ALIGNING PER RG,22TLNKLT3.CATTAGTGCG.TGACTACATA.6,Filtered rRNA reads,NA
NORMAL MAPPING/ALIGNING PER RG,22TLNKLT3.CATTAGTGCG.TGACTACATA.6,Adjustment of reads matching exclude contigs,NA
NORMAL MAPPING/ALIGNING PER RG,22TLNKLT3.CATTAGTGCG.TGACTACATA.6,Mitochondrial reads excluded,NA
NORMAL MAPPING/ALIGNING PER RG,22TLNKLT3.CATTAGTGCG.TGACTACATA.6,Singleton reads (itself mapped; mate unmapped),490749,0.37
NORMAL MAPPING/ALIGNING PER RG,22TLNKLT3.CATTAGTGCG.TGACTACATA.6,Paired reads (itself & mate mapped),128436356,97.38
NORMAL MAPPING/ALIGNING PER RG,22TLNKLT3.CATTAGTGCG.TGACTACATA.6,Properly paired reads,128227360,97.22
NORMAL MAPPING/ALIGNING PER RG,22TLNKLT3.CATTAGTGCG.TGACTACATA.6,Not properly paired reads (discordant),208996,0.16
NORMAL MAPPING/ALIGNING PER RG,22TLNKLT3.CATTAGTGCG.TGACTACATA.6,Paired reads mapped to different chromosomes,141506,0.11
NORMAL MAPPING/ALIGNING PER RG,22TLNKLT3.CATTAGTGCG.TGACTACATA.6,Paired reads mapped to different chromosomes (MAPQ>=10),77058,0.06
NORMAL MAPPING/ALIGNING PER RG,22TLNKLT3.CATTAGTGCG.TGACTACATA.6,Reads mapping to multiple locations,6360226,4.82
NORMAL MAPPING/ALIGNING PER RG,22TLNKLT3.CATTAGTGCG.TGACTACATA.6,Reads with MAPQ [40:inf),119180101,90.36
NORMAL MAPPING/ALIGNING PER RG,22TLNKLT3.CATTAGTGCG.TGACTACATA.6,Reads with MAPQ [30:40),379587,0.29
NORMAL MAPPING/ALIGNING PER RG,22TLNKLT3.CATTAGTGCG.TGACTACATA.6,Reads with MAPQ [20:30),1021195,0.77
NORMAL MAPPING/ALIGNING PER RG,22TLNKLT3.CATTAGTGCG.TGACTACATA.6,Reads with MAPQ [10:20),1386098,1.05
NORMAL MAPPING/ALIGNING PER RG,22TLNKLT3.CATTAGTGCG.TGACTACATA.6,Reads with MAPQ [ 0:10),6960124,5.28
NORMAL MAPPING/ALIGNING PER RG,22TLNKLT3.CATTAGTGCG.TGACTACATA.6,Reads with MAPQ NA (Unmapped reads),2961806,2.25
NORMAL MAPPING/ALIGNING PER RG,22TLNKLT3.CATTAGTGCG.TGACTACATA.6,Reads with indel R1,2034854,3.15
NORMAL MAPPING/ALIGNING PER RG,22TLNKLT3.CATTAGTGCG.TGACTACATA.6,Reads with indel R2,1970430,3.07
NORMAL MAPPING/ALIGNING PER RG,22TLNKLT3.CATTAGTGCG.TGACTACATA.6,Reads with splice junction,NA
NORMAL MAPPING/ALIGNING PER RG,22TLNKLT3.CATTAGTGCG.TGACTACATA.6,Total bases,19456179937
NORMAL MAPPING/ALIGNING PER RG,22TLNKLT3.CATTAGTGCG.TGACTACATA.6,Total bases R1,9730304882
NORMAL MAPPING/ALIGNING PER RG,22TLNKLT3.CATTAGTGCG.TGACTACATA.6,Total bases R2,9725875055
NORMAL MAPPING/ALIGNING PER RG,22TLNKLT3.CATTAGTGCG.TGACTACATA.6,Mapped bases,19018667372
NORMAL MAPPING/ALIGNING PER RG,22TLNKLT3.CATTAGTGCG.TGACTACATA.6,Mapped bases R1,9540498441
NORMAL MAPPING/ALIGNING PER RG,22TLNKLT3.CATTAGTGCG.TGACTACATA.6,Mapped bases R2,9478168931
NORMAL MAPPING/ALIGNING PER RG,22TLNKLT3.CATTAGTGCG.TGACTACATA.6,Soft-clipped bases,140427878,0.74
NORMAL MAPPING/ALIGNING PER RG,22TLNKLT3.CATTAGTGCG.TGACTACATA.6,Soft-clipped bases R1,61998118,0.65
NORMAL MAPPING/ALIGNING PER RG,22TLNKLT3.CATTAGTGCG.TGACTACATA.6,Soft-clipped bases R2,78429760,0.83
NORMAL MAPPING/ALIGNING PER RG,22TLNKLT3.CATTAGTGCG.TGACTACATA.6,Hard-clipped bases,0,0.00
NORMAL MAPPING/ALIGNING PER RG,22TLNKLT3.CATTAGTGCG.TGACTACATA.6,Hard-clipped bases R1,0,0.00
NORMAL MAPPING/ALIGNING PER RG,22TLNKLT3.CATTAGTGCG.TGACTACATA.6,Hard-clipped bases R2,0,0.00
NORMAL MAPPING/ALIGNING PER RG,22TLNKLT3.CATTAGTGCG.TGACTACATA.6,Mismatched bases R1,50966674,0.53
NORMAL MAPPING/ALIGNING PER RG,22TLNKLT3.CATTAGTGCG.TGACTACATA.6,Mismatched bases R2,43737280,0.46
NORMAL MAPPING/ALIGNING PER RG,22TLNKLT3.CATTAGTGCG.TGACTACATA.6,Mismatched bases R1 (excl. indels),44626501,0.47
NORMAL MAPPING/ALIGNING PER RG,22TLNKLT3.CATTAGTGCG.TGACTACATA.6,Mismatched bases R2 (excl. indels),37643570,0.40
NORMAL MAPPING/ALIGNING PER RG,22TLNKLT3.CATTAGTGCG.TGACTACATA.6,Q30 bases,18096001484,93.01
NORMAL MAPPING/ALIGNING PER RG,22TLNKLT3.CATTAGTGCG.TGACTACATA.6,Q30 bases R1,9006115428,92.56
NORMAL MAPPING/ALIGNING PER RG,22TLNKLT3.CATTAGTGCG.TGACTACATA.6,Q30 bases R2,9089886056,93.46
NORMAL MAPPING/ALIGNING PER RG,22TLNKLT3.CATTAGTGCG.TGACTACATA.6,Q30 bases (excl. dups & clipped bases),16824185968
NORMAL MAPPING/ALIGNING PER RG,22TLNKLT3.CATTAGTGCG.TGACTACATA.6,Total alignments,129123951
NORMAL MAPPING/ALIGNING PER RG,22TLNKLT3.CATTAGTGCG.TGACTACATA.6,Secondary alignments,0
NORMAL MAPPING/ALIGNING PER RG,22TLNKLT3.CATTAGTGCG.TGACTACATA.6,Supplementary (chimeric) alignments,196846
NORMAL MAPPING/ALIGNING PER RG,22TLNKLT3.CATTAGTGCG.TGACTACATA.6,Estimated read length,147.52
NORMAL MAPPING/ALIGNING PER RG,22TLNKLT3.CATTAGTGCG.TGACTACATA.6,Insert length: mean,317.48
NORMAL MAPPING/ALIGNING PER RG,22TLNKLT3.CATTAGTGCG.TGACTACATA.6,Insert length: median,304.00
NORMAL MAPPING/ALIGNING PER RG,22TLNKLT3.CATTAGTGCG.TGACTACATA.6,Insert length: standard deviation,165.15
NORMAL MAPPING/ALIGNING PER RG,22TLNKLT3.CATTAGTGCG.TGACTACATA.7,Total reads in RG,162125754,100.00
NORMAL MAPPING/ALIGNING PER RG,22TLNKLT3.CATTAGTGCG.TGACTACATA.7,Number of duplicate marked reads,12382631,7.64
NORMAL MAPPING/ALIGNING PER RG,22TLNKLT3.CATTAGTGCG.TGACTACATA.7,Number of duplicate marked and mate reads removed,NA
NORMAL MAPPING/ALIGNING PER RG,22TLNKLT3.CATTAGTGCG.TGACTACATA.7,Number of unique reads (excl. duplicate marked reads),149743123,92.36
NORMAL MAPPING/ALIGNING PER RG,22TLNKLT3.CATTAGTGCG.TGACTACATA.7,Reads with mate sequenced,162125754,100.00
NORMAL MAPPING/ALIGNING PER RG,22TLNKLT3.CATTAGTGCG.TGACTACATA.7,Reads without mate sequenced,0,0.00
NORMAL MAPPING/ALIGNING PER RG,22TLNKLT3.CATTAGTGCG.TGACTACATA.7,QC-failed reads,1208,0.00
NORMAL MAPPING/ALIGNING PER RG,22TLNKLT3.CATTAGTGCG.TGACTACATA.7,Mapped reads,158418167,97.71
NORMAL MAPPING/ALIGNING PER RG,22TLNKLT3.CATTAGTGCG.TGACTACATA.7,Mapped reads adjusted for excluded mapping,158418167,97.71
NORMAL MAPPING/ALIGNING PER RG,22TLNKLT3.CATTAGTGCG.TGACTACATA.7,Mapped reads with filtered mapping (non-ref decoys + rRNA filter),161260642,99.47
NORMAL MAPPING/ALIGNING PER RG,22TLNKLT3.CATTAGTGCG.TGACTACATA.7,Mapped reads adjusted for filtered and excluded mapping,161260642,99.47
NORMAL MAPPING/ALIGNING PER RG,22TLNKLT3.CATTAGTGCG.TGACTACATA.7,Mapped reads R1,79467934,98.03
NORMAL MAPPING/ALIGNING PER RG,22TLNKLT3.CATTAGTGCG.TGACTACATA.7,Mapped reads R2,78950233,97.39
NORMAL MAPPING/ALIGNING PER RG,22TLNKLT3.CATTAGTGCG.TGACTACATA.7,Number of unique & mapped reads (excl. duplicate marked reads),146035536,90.08
NORMAL MAPPING/ALIGNING PER RG,22TLNKLT3.CATTAGTGCG.TGACTACATA.7,Unmapped reads,3707587,2.29
NORMAL MAPPING/ALIGNING PER RG,22TLNKLT3.CATTAGTGCG.TGACTACATA.7,Unmapped reads minus filtered mapping,865112,0.53
NORMAL MAPPING/ALIGNING PER RG,22TLNKLT3.CATTAGTGCG.TGACTACATA.7,Unmapped reads adjusted for excluded mapping,3707587,2.29
NORMAL MAPPING/ALIGNING PER RG,22TLNKLT3.CATTAGTGCG.TGACTACATA.7,Unmapped reads adjusted for filtered and excluded mapping,865112,0.53
NORMAL MAPPING/ALIGNING PER RG,22TLNKLT3.CATTAGTGCG.TGACTACATA.7,Adjustment of reads matching non-reference decoys,2842475,1.75
NORMAL MAPPING/ALIGNING PER RG,22TLNKLT3.CATTAGTGCG.TGACTACATA.7,Adjustment of reads matching filter contigs,NA
NORMAL MAPPING/ALIGNING PER RG,22TLNKLT3.CATTAGTGCG.TGACTACATA.7,Filtered rRNA reads,NA
NORMAL MAPPING/ALIGNING PER RG,22TLNKLT3.CATTAGTGCG.TGACTACATA.7,Adjustment of reads matching exclude contigs,NA
NORMAL MAPPING/ALIGNING PER RG,22TLNKLT3.CATTAGTGCG.TGACTACATA.7,Mitochondrial reads excluded,NA
NORMAL MAPPING/ALIGNING PER RG,22TLNKLT3.CATTAGTGCG.TGACTACATA.7,Singleton reads (itself mapped; mate unmapped),642343,0.40
NORMAL MAPPING/ALIGNING PER RG,22TLNKLT3.CATTAGTGCG.TGACTACATA.7,Paired reads (itself & mate mapped),157775824,97.32
NORMAL MAPPING/ALIGNING PER RG,22TLNKLT3.CATTAGTGCG.TGACTACATA.7,Properly paired reads,157504678,97.15
NORMAL MAPPING/ALIGNING PER RG,22TLNKLT3.CATTAGTGCG.TGACTACATA.7,Not properly paired reads (discordant),271146,0.17
NORMAL MAPPING/ALIGNING PER RG,22TLNKLT3.CATTAGTGCG.TGACTACATA.7,Paired reads mapped to different chromosomes,182972,0.12
NORMAL MAPPING/ALIGNING PER RG,22TLNKLT3.CATTAGTGCG.TGACTACATA.7,Paired reads mapped to different chromosomes (MAPQ>=10),100147,0.06
NORMAL MAPPING/ALIGNING PER RG,22TLNKLT3.CATTAGTGCG.TGACTACATA.7,Reads mapping to multiple locations,7775130,4.80
NORMAL MAPPING/ALIGNING PER RG,22TLNKLT3.CATTAGTGCG.TGACTACATA.7,Reads with MAPQ [40:inf),146486038,90.35
NORMAL MAPPING/ALIGNING PER RG,22TLNKLT3.CATTAGTGCG.TGACTACATA.7,Reads with MAPQ [30:40),459859,0.28
NORMAL MAPPING/ALIGNING PER RG,22TLNKLT3.CATTAGTGCG.TGACTACATA.7,Reads with MAPQ [20:30),1244489,0.77
NORMAL MAPPING/ALIGNING PER RG,22TLNKLT3.CATTAGTGCG.TGACTACATA.7,Reads with MAPQ [10:20),1710811,1.06
NORMAL MAPPING/ALIGNING PER RG,22TLNKLT3.CATTAGTGCG.TGACTACATA.7,Reads with MAPQ [ 0:10),8516970,5.25
NORMAL MAPPING/ALIGNING PER RG,22TLNKLT3.CATTAGTGCG.TGACTACATA.7,Reads with MAPQ NA (Unmapped reads),3707587,2.29
NORMAL MAPPING/ALIGNING PER RG,22TLNKLT3.CATTAGTGCG.TGACTACATA.7,Reads with indel R1,2528587,3.18
NORMAL MAPPING/ALIGNING PER RG,22TLNKLT3.CATTAGTGCG.TGACTACATA.7,Reads with indel R2,2448604,3.10
NORMAL MAPPING/ALIGNING PER RG,22TLNKLT3.CATTAGTGCG.TGACTACATA.7,Reads with splice junction,NA
NORMAL MAPPING/ALIGNING PER RG,22TLNKLT3.CATTAGTGCG.TGACTACATA.7,Total bases,23964230822
NORMAL MAPPING/ALIGNING PER RG,22TLNKLT3.CATTAGTGCG.TGACTACATA.7,Total bases R1,11984566809
NORMAL MAPPING/ALIGNING PER RG,22TLNKLT3.CATTAGTGCG.TGACTACATA.7,Total bases R2,11979664013
NORMAL MAPPING/ALIGNING PER RG,22TLNKLT3.CATTAGTGCG.TGACTACATA.7,Mapped bases,23415346385
NORMAL MAPPING/ALIGNING PER RG,22TLNKLT3.CATTAGTGCG.TGACTACATA.7,Mapped bases R1,11749067092
NORMAL MAPPING/ALIGNING PER RG,22TLNKLT3.CATTAGTGCG.TGACTACATA.7,Mapped bases R2,11666279293
NORMAL MAPPING/ALIGNING PER RG,22TLNKLT3.CATTAGTGCG.TGACTACATA.7,Soft-clipped bases,169378347,0.72
NORMAL MAPPING/ALIGNING PER RG,22TLNKLT3.CATTAGTGCG.TGACTACATA.7,Soft-clipped bases R1,73344497,0.62
NORMAL MAPPING/ALIGNING PER RG,22TLNKLT3.CATTAGTGCG.TGACTACATA.7,Soft-clipped bases R2,96033850,0.82
NORMAL MAPPING/ALIGNING PER RG,22TLNKLT3.CATTAGTGCG.TGACTACATA.7,Hard-clipped bases,0,0.00
NORMAL MAPPING/ALIGNING PER RG,22TLNKLT3.CATTAGTGCG.TGACTACATA.7,Hard-clipped bases R1,0,0.00
NORMAL MAPPING/ALIGNING PER RG,22TLNKLT3.CATTAGTGCG.TGACTACATA.7,Hard-clipped bases R2,0,0.00
NORMAL MAPPING/ALIGNING PER RG,22TLNKLT3.CATTAGTGCG.TGACTACATA.7,Mismatched bases R1,59090359,0.50
NORMAL MAPPING/ALIGNING PER RG,22TLNKLT3.CATTAGTGCG.TGACTACATA.7,Mismatched bases R2,53320326,0.46
NORMAL MAPPING/ALIGNING PER RG,22TLNKLT3.CATTAGTGCG.TGACTACATA.7,Mismatched bases R1 (excl. indels),51188453,0.44
NORMAL MAPPING/ALIGNING PER RG,22TLNKLT3.CATTAGTGCG.TGACTACATA.7,Mismatched bases R2 (excl. indels),45728160,0.39
NORMAL MAPPING/ALIGNING PER RG,22TLNKLT3.CATTAGTGCG.TGACTACATA.7,Q30 bases,22387218953,93.42
NORMAL MAPPING/ALIGNING PER RG,22TLNKLT3.CATTAGTGCG.TGACTACATA.7,Q30 bases R1,11164460526,93.16
NORMAL MAPPING/ALIGNING PER RG,22TLNKLT3.CATTAGTGCG.TGACTACATA.7,Q30 bases R2,11222758427,93.68
NORMAL MAPPING/ALIGNING PER RG,22TLNKLT3.CATTAGTGCG.TGACTACATA.7,Q30 bases (excl. dups & clipped bases),20683460316
NORMAL MAPPING/ALIGNING PER RG,22TLNKLT3.CATTAGTGCG.TGACTACATA.7,Total alignments,158661652
NORMAL MAPPING/ALIGNING PER RG,22TLNKLT3.CATTAGTGCG.TGACTACATA.7,Secondary alignments,0
NORMAL MAPPING/ALIGNING PER RG,22TLNKLT3.CATTAGTGCG.TGACTACATA.7,Supplementary (chimeric) alignments,243485
NORMAL MAPPING/ALIGNING PER RG,22TLNKLT3.CATTAGTGCG.TGACTACATA.7,Estimated read length,147.81
NORMAL MAPPING/ALIGNING PER RG,22TLNKLT3.CATTAGTGCG.TGACTACATA.7,Insert length: mean,323.64
NORMAL MAPPING/ALIGNING PER RG,22TLNKLT3.CATTAGTGCG.TGACTACATA.7,Insert length: median,309.00
NORMAL MAPPING/ALIGNING PER RG,22TLNKLT3.CATTAGTGCG.TGACTACATA.7,Insert length: standard deviation,160.57
NORMAL MAPPING/ALIGNING PER RG,22TLNKLT3.CATTAGTGCG.TGACTACATA.8,Total reads in RG,71041534,100.00
NORMAL MAPPING/ALIGNING PER RG,22TLNKLT3.CATTAGTGCG.TGACTACATA.8,Number of duplicate marked reads,7006104,9.86
NORMAL MAPPING/ALIGNING PER RG,22TLNKLT3.CATTAGTGCG.TGACTACATA.8,Number of duplicate marked and mate reads removed,NA
NORMAL MAPPING/ALIGNING PER RG,22TLNKLT3.CATTAGTGCG.TGACTACATA.8,Number of unique reads (excl. duplicate marked reads),64035430,90.14
NORMAL MAPPING/ALIGNING PER RG,22TLNKLT3.CATTAGTGCG.TGACTACATA.8,Reads with mate sequenced,71041534,100.00
NORMAL MAPPING/ALIGNING PER RG,22TLNKLT3.CATTAGTGCG.TGACTACATA.8,Reads without mate sequenced,0,0.00
NORMAL MAPPING/ALIGNING PER RG,22TLNKLT3.CATTAGTGCG.TGACTACATA.8,QC-failed reads,518,0.00
NORMAL MAPPING/ALIGNING PER RG,22TLNKLT3.CATTAGTGCG.TGACTACATA.8,Mapped reads,69456015,97.77
NORMAL MAPPING/ALIGNING PER RG,22TLNKLT3.CATTAGTGCG.TGACTACATA.8,Mapped reads adjusted for excluded mapping,69456015,97.77
NORMAL MAPPING/ALIGNING PER RG,22TLNKLT3.CATTAGTGCG.TGACTACATA.8,Mapped reads with filtered mapping (non-ref decoys + rRNA filter),70703207,99.52
NORMAL MAPPING/ALIGNING PER RG,22TLNKLT3.CATTAGTGCG.TGACTACATA.8,Mapped reads adjusted for filtered and excluded mapping,70703207,99.52
NORMAL MAPPING/ALIGNING PER RG,22TLNKLT3.CATTAGTGCG.TGACTACATA.8,Mapped reads R1,34835728,98.07
NORMAL MAPPING/ALIGNING PER RG,22TLNKLT3.CATTAGTGCG.TGACTACATA.8,Mapped reads R2,34620287,97.47
NORMAL MAPPING/ALIGNING PER RG,22TLNKLT3.CATTAGTGCG.TGACTACATA.8,Number of unique & mapped reads (excl. duplicate marked reads),62449911,87.91
NORMAL MAPPING/ALIGNING PER RG,22TLNKLT3.CATTAGTGCG.TGACTACATA.8,Unmapped reads,1585519,2.23
NORMAL MAPPING/ALIGNING PER RG,22TLNKLT3.CATTAGTGCG.TGACTACATA.8,Unmapped reads minus filtered mapping,338327,0.48
NORMAL MAPPING/ALIGNING PER RG,22TLNKLT3.CATTAGTGCG.TGACTACATA.8,Unmapped reads adjusted for excluded mapping,1585519,2.23
NORMAL MAPPING/ALIGNING PER RG,22TLNKLT3.CATTAGTGCG.TGACTACATA.8,Unmapped reads adjusted for filtered and excluded mapping,338327,0.48
NORMAL MAPPING/ALIGNING PER RG,22TLNKLT3.CATTAGTGCG.TGACTACATA.8,Adjustment of reads matching non-reference decoys,1247192,1.76
NORMAL MAPPING/ALIGNING PER RG,22TLNKLT3.CATTAGTGCG.TGACTACATA.8,Adjustment of reads matching filter contigs,NA
NORMAL MAPPING/ALIGNING PER RG,22TLNKLT3.CATTAGTGCG.TGACTACATA.8,Filtered rRNA reads,NA
NORMAL MAPPING/ALIGNING PER RG,22TLNKLT3.CATTAGTGCG.TGACTACATA.8,Adjustment of reads matching exclude contigs,NA
NORMAL MAPPING/ALIGNING PER RG,22TLNKLT3.CATTAGTGCG.TGACTACATA.8,Mitochondrial reads excluded,NA
NORMAL MAPPING/ALIGNING PER RG,22TLNKLT3.CATTAGTGCG.TGACTACATA.8,Singleton reads (itself mapped; mate unmapped),268629,0.38
NORMAL MAPPING/ALIGNING PER RG,22TLNKLT3.CATTAGTGCG.TGACTACATA.8,Paired reads (itself & mate mapped),69187386,97.39
NORMAL MAPPING/ALIGNING PER RG,22TLNKLT3.CATTAGTGCG.TGACTACATA.8,Properly paired reads,69073182,97.23
NORMAL MAPPING/ALIGNING PER RG,22TLNKLT3.CATTAGTGCG.TGACTACATA.8,Not properly paired reads (discordant),114204,0.16
NORMAL MAPPING/ALIGNING PER RG,22TLNKLT3.CATTAGTGCG.TGACTACATA.8,Paired reads mapped to different chromosomes,75862,0.11
NORMAL MAPPING/ALIGNING PER RG,22TLNKLT3.CATTAGTGCG.TGACTACATA.8,Paired reads mapped to different chromosomes (MAPQ>=10),43349,0.06
NORMAL MAPPING/ALIGNING PER RG,22TLNKLT3.CATTAGTGCG.TGACTACATA.8,Reads mapping to multiple locations,3370123,4.74
NORMAL MAPPING/ALIGNING PER RG,22TLNKLT3.CATTAGTGCG.TGACTACATA.8,Reads with MAPQ [40:inf),64264787,90.46
NORMAL MAPPING/ALIGNING PER RG,22TLNKLT3.CATTAGTGCG.TGACTACATA.8,Reads with MAPQ [30:40),196175,0.28
NORMAL MAPPING/ALIGNING PER RG,22TLNKLT3.CATTAGTGCG.TGACTACATA.8,Reads with MAPQ [20:30),543761,0.77
NORMAL MAPPING/ALIGNING PER RG,22TLNKLT3.CATTAGTGCG.TGACTACATA.8,Reads with MAPQ [10:20),755075,1.06
NORMAL MAPPING/ALIGNING PER RG,22TLNKLT3.CATTAGTGCG.TGACTACATA.8,Reads with MAPQ [ 0:10),3696217,5.20
NORMAL MAPPING/ALIGNING PER RG,22TLNKLT3.CATTAGTGCG.TGACTACATA.8,Reads with MAPQ NA (Unmapped reads),1585519,2.23
NORMAL MAPPING/ALIGNING PER RG,22TLNKLT3.CATTAGTGCG.TGACTACATA.8,Reads with indel R1,1113462,3.20
NORMAL MAPPING/ALIGNING PER RG,22TLNKLT3.CATTAGTGCG.TGACTACATA.8,Reads with indel R2,1077482,3.11
NORMAL MAPPING/ALIGNING PER RG,22TLNKLT3.CATTAGTGCG.TGACTACATA.8,Reads with splice junction,NA
NORMAL MAPPING/ALIGNING PER RG,22TLNKLT3.CATTAGTGCG.TGACTACATA.8,Total bases,10524346496
NORMAL MAPPING/ALIGNING PER RG,22TLNKLT3.CATTAGTGCG.TGACTACATA.8,Total bases R1,5263242002
NORMAL MAPPING/ALIGNING PER RG,22TLNKLT3.CATTAGTGCG.TGACTACATA.8,Total bases R2,5261104494
NORMAL MAPPING/ALIGNING PER RG,22TLNKLT3.CATTAGTGCG.TGACTACATA.8,Mapped bases,10289275148
NORMAL MAPPING/ALIGNING PER RG,22TLNKLT3.CATTAGTGCG.TGACTACATA.8,Mapped bases R1,5161911068
NORMAL MAPPING/ALIGNING PER RG,22TLNKLT3.CATTAGTGCG.TGACTACATA.8,Mapped bases R2,5127364080
NORMAL MAPPING/ALIGNING PER RG,22TLNKLT3.CATTAGTGCG.TGACTACATA.8,Soft-clipped bases,71212930,0.69
NORMAL MAPPING/ALIGNING PER RG,22TLNKLT3.CATTAGTGCG.TGACTACATA.8,Soft-clipped bases R1,31033318,0.60
NORMAL MAPPING/ALIGNING PER RG,22TLNKLT3.CATTAGTGCG.TGACTACATA.8,Soft-clipped bases R2,40179612,0.78
NORMAL MAPPING/ALIGNING PER RG,22TLNKLT3.CATTAGTGCG.TGACTACATA.8,Hard-clipped bases,0,0.00
NORMAL MAPPING/ALIGNING PER RG,22TLNKLT3.CATTAGTGCG.TGACTACATA.8,Hard-clipped bases R1,0,0.00
NORMAL MAPPING/ALIGNING PER RG,22TLNKLT3.CATTAGTGCG.TGACTACATA.8,Hard-clipped bases R2,0,0.00
NORMAL MAPPING/ALIGNING PER RG,22TLNKLT3.CATTAGTGCG.TGACTACATA.8,Mismatched bases R1,23824412,0.46
NORMAL MAPPING/ALIGNING PER RG,22TLNKLT3.CATTAGTGCG.TGACTACATA.8,Mismatched bases R2,21234652,0.41
NORMAL MAPPING/ALIGNING PER RG,22TLNKLT3.CATTAGTGCG.TGACTACATA.8,Mismatched bases R1 (excl. indels),20337897,0.39
NORMAL MAPPING/ALIGNING PER RG,22TLNKLT3.CATTAGTGCG.TGACTACATA.8,Mismatched bases R2 (excl. indels),17902084,0.35
NORMAL MAPPING/ALIGNING PER RG,22TLNKLT3.CATTAGTGCG.TGACTACATA.8,Q30 bases,9918329477,94.24
NORMAL MAPPING/ALIGNING PER RG,22TLNKLT3.CATTAGTGCG.TGACTACATA.8,Q30 bases R1,4946594112,93.98
NORMAL MAPPING/ALIGNING PER RG,22TLNKLT3.CATTAGTGCG.TGACTACATA.8,Q30 bases R2,4971735365,94.50
NORMAL MAPPING/ALIGNING PER RG,22TLNKLT3.CATTAGTGCG.TGACTACATA.8,Q30 bases (excl. dups & clipped bases),8943848571
NORMAL MAPPING/ALIGNING PER RG,22TLNKLT3.CATTAGTGCG.TGACTACATA.8,Total alignments,69562520
NORMAL MAPPING/ALIGNING PER RG,22TLNKLT3.CATTAGTGCG.TGACTACATA.8,Secondary alignments,0
NORMAL MAPPING/ALIGNING PER RG,22TLNKLT3.CATTAGTGCG.TGACTACATA.8,Supplementary (chimeric) alignments,106505
NORMAL MAPPING/ALIGNING PER RG,22TLNKLT3.CATTAGTGCG.TGACTACATA.8,Estimated read length,148.14
NORMAL MAPPING/ALIGNING PER RG,22TLNKLT3.CATTAGTGCG.TGACTACATA.8,Insert length: mean,333.51
NORMAL MAPPING/ALIGNING PER RG,22TLNKLT3.CATTAGTGCG.TGACTACATA.8,Insert length: median,317.00
NORMAL MAPPING/ALIGNING PER RG,22TLNKLT3.CATTAGTGCG.TGACTACATA.8,Insert length: standard deviation,194.43
