TUMOR MAPPING/ALIGNING SUMMARY,,Total input reads,4521259546,100.00
TUMOR MAPPING/ALIGNING SUMMARY,,Number of duplicate marked reads,1151583835,25.47
TUMOR MAPPING/ALIGNING SUMMARY,,Number of duplicate marked and mate reads removed,NA
TUMOR MAPPING/ALIGNING SUMMARY,,Number of unique reads (excl. duplicate marked reads),3369675711,74.53
TUMOR MAPPING/ALIGNING SUMMARY,,Reads with mate sequenced,4521259546,100.00
TUMOR MAPPING/ALIGNING SUMMARY,,Reads without mate sequenced,0,0.00
TUMOR MAPPING/ALIGNING SUMMARY,,QC-failed reads,46030,0.00
TUMOR MAPPING/ALIGNING SUMMARY,,Mapped reads,4423435470,97.84
TUMOR MAPPING/ALIGNING SUMMARY,,Mapped reads adjusted for excluded mapping,4423435470,97.84
TUMOR MAPPING/ALIGNING SUMMARY,,Mapped reads adjusted for filtered mapping,4510727031,99.77
TUMOR MAPPING/ALIGNING SUMMARY,,Mapped reads adjusted for filtered and excluded mapping,4510727031,99.77
TUMOR MAPPING/ALIGNING SUMMARY,,Mapped reads R1,2215278961,97.99
TUMOR MAPPING/ALIGNING SUMMARY,,Mapped reads R2,2208156509,97.68
TUMOR MAPPING/ALIGNING SUMMARY,,Number of unique & mapped reads (excl. duplicate marked reads),3271851635,72.37
TUMOR MAPPING/ALIGNING SUMMARY,,Unmapped reads,97824076,2.16
TUMOR MAPPING/ALIGNING SUMMARY,,Unmapped reads adjusted for filtered mapping,10532515,0.23
TUMOR MAPPING/ALIGNING SUMMARY,,Unmapped reads adjusted for excluded mapping,97824076,2.16
TUMOR MAPPING/ALIGNING SUMMARY,,Unmapped reads adjusted for filtered and excluded mapping,10532515,0.23
TUMOR MAPPING/ALIGNING SUMMARY,,Adjustment of reads matching non-reference decoys,87291561,1.93
TUMOR MAPPING/ALIGNING SUMMARY,,Adjustment of reads matching filter contigs,NA
TUMOR MAPPING/ALIGNING SUMMARY,,Filtered rRNA reads,NA
TUMOR MAPPING/ALIGNING SUMMARY,,Adjustment of reads matching exclude contigs,NA
TUMOR MAPPING/ALIGNING SUMMARY,,Mitochondrial reads excluded,NA
TUMOR MAPPING/ALIGNING SUMMARY,,Singleton reads (itself mapped; mate unmapped),8604204,0.19
TUMOR MAPPING/ALIGNING SUMMARY,,Paired reads (itself & mate mapped),4414831266,97.65
TUMOR MAPPING/ALIGNING SUMMARY,,Properly paired reads,4408612892,97.51
TUMOR MAPPING/ALIGNING SUMMARY,,Not properly paired reads (discordant),6218374,0.14
TUMOR MAPPING/ALIGNING SUMMARY,,Paired reads mapped to different chromosomes,3274416,0.07
TUMOR MAPPING/ALIGNING SUMMARY,,Paired reads mapped to different chromosomes (MAPQ>=10),1496704,0.03
TUMOR MAPPING/ALIGNING SUMMARY,,Reads mapping to multiple locations,209918238,4.64
TUMOR MAPPING/ALIGNING SUMMARY,,Reads with MAPQ [40:inf),4104382663,90.78
TUMOR MAPPING/ALIGNING SUMMARY,,Reads with MAPQ [30:40),10574903,0.23
TUMOR MAPPING/ALIGNING SUMMARY,,Reads with MAPQ [20:30),33118570,0.73
TUMOR MAPPING/ALIGNING SUMMARY,,Reads with MAPQ [10:20),45412537,1.00
TUMOR MAPPING/ALIGNING SUMMARY,,Reads with MAPQ [ 0:10),229946797,5.09
TUMOR MAPPING/ALIGNING SUMMARY,,Reads with MAPQ NA (Unmapped reads),97824076,2.16
TUMOR MAPPING/ALIGNING SUMMARY,,Reads with indel R1,71759676,3.24
TUMOR MAPPING/ALIGNING SUMMARY,,Reads with indel R2,69691240,3.16
TUMOR MAPPING/ALIGNING SUMMARY,,Reads with splice junction,NA
TUMOR MAPPING/ALIGNING SUMMARY,,Total bases,671795323435
TUMOR MAPPING/ALIGNING SUMMARY,,Total bases R1,335952008731
TUMOR MAPPING/ALIGNING SUMMARY,,Total bases R2,335843314704
TUMOR MAPPING/ALIGNING SUMMARY,,Mapped bases,657277251298
TUMOR MAPPING/ALIGNING SUMMARY,,Mapped bases R1,329225415745
TUMOR MAPPING/ALIGNING SUMMARY,,Mapped bases R2,328051835553
TUMOR MAPPING/ALIGNING SUMMARY,,Soft-clipped bases,4768530176,0.73
TUMOR MAPPING/ALIGNING SUMMARY,,Soft-clipped bases R1,2045920189,0.62
TUMOR MAPPING/ALIGNING SUMMARY,,Soft-clipped bases R2,2722609987,0.83
TUMOR MAPPING/ALIGNING SUMMARY,,Hard-clipped bases,0,0.00
TUMOR MAPPING/ALIGNING SUMMARY,,Hard-clipped bases R1,0,0.00
TUMOR MAPPING/ALIGNING SUMMARY,,Hard-clipped bases R2,0,0.00
TUMOR MAPPING/ALIGNING SUMMARY,,Mismatched bases R1,1930344349,0.59
TUMOR MAPPING/ALIGNING SUMMARY,,Mismatched bases R2,1785658840,0.54
TUMOR MAPPING/ALIGNING SUMMARY,,Mismatched bases R1 (excl. indels),1708202945,0.52
TUMOR MAPPING/ALIGNING SUMMARY,,Mismatched bases R2 (excl. indels),1571493774,0.48
TUMOR MAPPING/ALIGNING SUMMARY,,Q30 bases,623126480488,92.76
TUMOR MAPPING/ALIGNING SUMMARY,,Q30 bases R1,310398672366,92.39
TUMOR MAPPING/ALIGNING SUMMARY,,Q30 bases R2,312727808122,93.12
TUMOR MAPPING/ALIGNING SUMMARY,,Q30 bases (excl. dups & clipped bases),466957489083
TUMOR MAPPING/ALIGNING SUMMARY,,Total alignments,4428523734
TUMOR MAPPING/ALIGNING SUMMARY,,Secondary alignments,0
TUMOR MAPPING/ALIGNING SUMMARY,,Supplementary (chimeric) alignments,5088264
TUMOR MAPPING/ALIGNING SUMMARY,,Estimated read length,148.59
TUMOR MAPPING/ALIGNING SUMMARY,,Total reads removed by downsampling,NA
TUMOR MAPPING/ALIGNING SUMMARY,,Total bases removed by downsampling,NA
TUMOR MAPPING/ALIGNING SUMMARY,,Bases in reference genome,3217356871
TUMOR MAPPING/ALIGNING SUMMARY,,Bases in target bed [% of genome],NA
TUMOR MAPPING/ALIGNING SUMMARY,,Input bases divided by reference genome size,208.80
TUMOR MAPPING/ALIGNING SUMMARY,,Input bases divided by target bed size,NA
TUMOR MAPPING/ALIGNING SUMMARY,,Insert length: mean,361.75
TUMOR MAPPING/ALIGNING SUMMARY,,Insert length: median,342.50
TUMOR MAPPING/ALIGNING SUMMARY,,Insert length: standard deviation,136.63
TUMOR MAPPING/ALIGNING SUMMARY,,Provided sex chromosome ploidy,NA
TUMOR MAPPING/ALIGNING SUMMARY,,Estimated sample contamination,NA
TUMOR MAPPING/ALIGNING SUMMARY,,Estimated sample contamination standard error,NA
TUMOR MAPPING/ALIGNING SUMMARY,,DRAGEN mapping rate [mil. reads/second],0.36
NORMAL MAPPING/ALIGNING SUMMARY,,Total input reads,1312919600,100.00
NORMAL MAPPING/ALIGNING SUMMARY,,Number of duplicate marked reads,364444825,27.76
NORMAL MAPPING/ALIGNING SUMMARY,,Number of duplicate marked and mate reads removed,NA
NORMAL MAPPING/ALIGNING SUMMARY,,Number of unique reads (excl. duplicate marked reads),948474775,72.24
NORMAL MAPPING/ALIGNING SUMMARY,,Reads with mate sequenced,1312919600,100.00
NORMAL MAPPING/ALIGNING SUMMARY,,Reads without mate sequenced,0,0.00
NORMAL MAPPING/ALIGNING SUMMARY,,QC-failed reads,11772,0.00
NORMAL MAPPING/ALIGNING SUMMARY,,Mapped reads,1284013680,97.80
NORMAL MAPPING/ALIGNING SUMMARY,,Mapped reads adjusted for excluded mapping,1284013680,97.80
NORMAL MAPPING/ALIGNING SUMMARY,,Mapped reads adjusted for filtered mapping,1308987518,99.70
NORMAL MAPPING/ALIGNING SUMMARY,,Mapped reads adjusted for filtered and excluded mapping,1308987518,99.70
NORMAL MAPPING/ALIGNING SUMMARY,,Mapped reads R1,643486615,98.02
NORMAL MAPPING/ALIGNING SUMMARY,,Mapped reads R2,640527065,97.57
NORMAL MAPPING/ALIGNING SUMMARY,,Number of unique & mapped reads (excl. duplicate marked reads),919568855,70.04
NORMAL MAPPING/ALIGNING SUMMARY,,Unmapped reads,28905920,2.20
NORMAL MAPPING/ALIGNING SUMMARY,,Unmapped reads adjusted for filtered mapping,3932082,0.30
NORMAL MAPPING/ALIGNING SUMMARY,,Unmapped reads adjusted for excluded mapping,28905920,2.20
NORMAL MAPPING/ALIGNING SUMMARY,,Unmapped reads adjusted for filtered and excluded mapping,3932082,0.30
NORMAL MAPPING/ALIGNING SUMMARY,,Adjustment of reads matching non-reference decoys,24973838,1.90
NORMAL MAPPING/ALIGNING SUMMARY,,Adjustment of reads matching filter contigs,NA
NORMAL MAPPING/ALIGNING SUMMARY,,Filtered rRNA reads,NA
NORMAL MAPPING/ALIGNING SUMMARY,,Adjustment of reads matching exclude contigs,NA
NORMAL MAPPING/ALIGNING SUMMARY,,Mitochondrial reads excluded,NA
NORMAL MAPPING/ALIGNING SUMMARY,,Singleton reads (itself mapped; mate unmapped),3381440,0.26
NORMAL MAPPING/ALIGNING SUMMARY,,Paired reads (itself & mate mapped),1280632240,97.54
NORMAL MAPPING/ALIGNING SUMMARY,,Properly paired reads,1278994140,97.42
NORMAL MAPPING/ALIGNING SUMMARY,,Not properly paired reads (discordant),1638100,0.12
NORMAL MAPPING/ALIGNING SUMMARY,,Paired reads mapped to different chromosomes,887448,0.07
NORMAL MAPPING/ALIGNING SUMMARY,,Paired reads mapped to different chromosomes (MAPQ>=10),395316,0.03
NORMAL MAPPING/ALIGNING SUMMARY,,Reads mapping to multiple locations,59399113,4.52
NORMAL MAPPING/ALIGNING SUMMARY,,Reads with MAPQ [40:inf),1193641376,90.92
NORMAL MAPPING/ALIGNING SUMMARY,,Reads with MAPQ [30:40),2955934,0.23
NORMAL MAPPING/ALIGNING SUMMARY,,Reads with MAPQ [20:30),9421221,0.72
NORMAL MAPPING/ALIGNING SUMMARY,,Reads with MAPQ [10:20),12965995,0.99
NORMAL MAPPING/ALIGNING SUMMARY,,Reads with MAPQ [ 0:10),65029154,4.95
NORMAL MAPPING/ALIGNING SUMMARY,,Reads with MAPQ NA (Unmapped reads),28905920,2.20
NORMAL MAPPING/ALIGNING SUMMARY,,Reads with indel R1,20934133,3.25
NORMAL MAPPING/ALIGNING SUMMARY,,Reads with indel R2,20256174,3.16
NORMAL MAPPING/ALIGNING SUMMARY,,Reads with splice junction,NA
NORMAL MAPPING/ALIGNING SUMMARY,,Total bases,195389448130
NORMAL MAPPING/ALIGNING SUMMARY,,Total bases R1,97713315108
NORMAL MAPPING/ALIGNING SUMMARY,,Total bases R2,97676133022
NORMAL MAPPING/ALIGNING SUMMARY,,Mapped bases,191090983897
NORMAL MAPPING/ALIGNING SUMMARY,,Mapped bases R1,95785725462
NORMAL MAPPING/ALIGNING SUMMARY,,Mapped bases R2,95305258435
NORMAL MAPPING/ALIGNING SUMMARY,,Soft-clipped bases,1234178451,0.65
NORMAL MAPPING/ALIGNING SUMMARY,,Soft-clipped bases R1,515908975,0.54
NORMAL MAPPING/ALIGNING SUMMARY,,Soft-clipped bases R2,718269476,0.75
NORMAL MAPPING/ALIGNING SUMMARY,,Hard-clipped bases,0,0.00
NORMAL MAPPING/ALIGNING SUMMARY,,Hard-clipped bases R1,0,0.00
NORMAL MAPPING/ALIGNING SUMMARY,,Hard-clipped bases R2,0,0.00
NORMAL MAPPING/ALIGNING SUMMARY,,Mismatched bases R1,489667827,0.51
NORMAL MAPPING/ALIGNING SUMMARY,,Mismatched bases R2,528543145,0.55
NORMAL MAPPING/ALIGNING SUMMARY,,Mismatched bases R1 (excl. indels),425374674,0.44
NORMAL MAPPING/ALIGNING SUMMARY,,Mismatched bases R2 (excl. indels),466897218,0.49
NORMAL MAPPING/ALIGNING SUMMARY,,Q30 bases,183047858724,93.68
NORMAL MAPPING/ALIGNING SUMMARY,,Q30 bases R1,92242603818,94.40
NORMAL MAPPING/ALIGNING SUMMARY,,Q30 bases R2,90805254906,92.97
NORMAL MAPPING/ALIGNING SUMMARY,,Q30 bases (excl. dups & clipped bases),132950891076
NORMAL MAPPING/ALIGNING SUMMARY,,Total alignments,1285348015
NORMAL MAPPING/ALIGNING SUMMARY,,Secondary alignments,0
NORMAL MAPPING/ALIGNING SUMMARY,,Supplementary (chimeric) alignments,1334335
NORMAL MAPPING/ALIGNING SUMMARY,,Estimated read length,148.82
NORMAL MAPPING/ALIGNING SUMMARY,,Total reads removed by downsampling,NA
NORMAL MAPPING/ALIGNING SUMMARY,,Total bases removed by downsampling,NA
NORMAL MAPPING/ALIGNING SUMMARY,,Bases in reference genome,3217356871
NORMAL MAPPING/ALIGNING SUMMARY,,Bases in target bed [% of genome],NA
NORMAL MAPPING/ALIGNING SUMMARY,,Input bases divided by reference genome size,269.53
NORMAL MAPPING/ALIGNING SUMMARY,,Input bases divided by target bed size,NA
NORMAL MAPPING/ALIGNING SUMMARY,,Insert length: mean,368.96
NORMAL MAPPING/ALIGNING SUMMARY,,Insert length: median,351.00
NORMAL MAPPING/ALIGNING SUMMARY,,Insert length: standard deviation,139.22
NORMAL MAPPING/ALIGNING SUMMARY,,Provided sex chromosome ploidy,NA
NORMAL MAPPING/ALIGNING SUMMARY,,Estimated sample contamination,NA
NORMAL MAPPING/ALIGNING SUMMARY,,Estimated sample contamination standard error,NA
NORMAL MAPPING/ALIGNING SUMMARY,,DRAGEN mapping rate [mil. reads/second],0.11
TUMOR MAPPING/ALIGNING PER RG,227GTJLT4.ATTGCGCGGT.TTGGCTCCGC.2,Total reads in RG,577797951,100.00
TUMOR MAPPING/ALIGNING PER RG,227GTJLT4.ATTGCGCGGT.TTGGCTCCGC.2,Number of duplicate marked reads,166994478,28.90
TUMOR MAPPING/ALIGNING PER RG,227GTJLT4.ATTGCGCGGT.TTGGCTCCGC.2,Number of duplicate marked and mate reads removed,NA
TUMOR MAPPING/ALIGNING PER RG,227GTJLT4.ATTGCGCGGT.TTGGCTCCGC.2,Number of unique reads (excl. duplicate marked reads),410803473,71.10
TUMOR MAPPING/ALIGNING PER RG,227GTJLT4.ATTGCGCGGT.TTGGCTCCGC.2,Reads with mate sequenced,577797951,100.00
TUMOR MAPPING/ALIGNING PER RG,227GTJLT4.ATTGCGCGGT.TTGGCTCCGC.2,Reads without mate sequenced,0,0.00
TUMOR MAPPING/ALIGNING PER RG,227GTJLT4.ATTGCGCGGT.TTGGCTCCGC.2,QC-failed reads,5409,0.00
TUMOR MAPPING/ALIGNING PER RG,227GTJLT4.ATTGCGCGGT.TTGGCTCCGC.2,Mapped reads,565514743,97.87
TUMOR MAPPING/ALIGNING PER RG,227GTJLT4.ATTGCGCGGT.TTGGCTCCGC.2,Mapped reads adjusted for excluded mapping,565514743,97.87
TUMOR MAPPING/ALIGNING PER RG,227GTJLT4.ATTGCGCGGT.TTGGCTCCGC.2,Mapped reads adjusted for filtered mapping,576642056,99.80
TUMOR MAPPING/ALIGNING PER RG,227GTJLT4.ATTGCGCGGT.TTGGCTCCGC.2,Mapped reads adjusted for filtered and excluded mapping,576642056,99.80
TUMOR MAPPING/ALIGNING PER RG,227GTJLT4.ATTGCGCGGT.TTGGCTCCGC.2,Mapped reads R1,283217975,98.03
TUMOR MAPPING/ALIGNING PER RG,227GTJLT4.ATTGCGCGGT.TTGGCTCCGC.2,Mapped reads R2,282296768,97.72
TUMOR MAPPING/ALIGNING PER RG,227GTJLT4.ATTGCGCGGT.TTGGCTCCGC.2,Number of unique & mapped reads (excl. duplicate marked reads),398520265,68.97
TUMOR MAPPING/ALIGNING PER RG,227GTJLT4.ATTGCGCGGT.TTGGCTCCGC.2,Unmapped reads,12283208,2.13
TUMOR MAPPING/ALIGNING PER RG,227GTJLT4.ATTGCGCGGT.TTGGCTCCGC.2,Unmapped reads adjusted for filtered mapping,1155895,0.20
TUMOR MAPPING/ALIGNING PER RG,227GTJLT4.ATTGCGCGGT.TTGGCTCCGC.2,Unmapped reads adjusted for excluded mapping,12283208,2.13
TUMOR MAPPING/ALIGNING PER RG,227GTJLT4.ATTGCGCGGT.TTGGCTCCGC.2,Unmapped reads adjusted for filtered and excluded mapping,1155895,0.20
TUMOR MAPPING/ALIGNING PER RG,227GTJLT4.ATTGCGCGGT.TTGGCTCCGC.2,Adjustment of reads matching non-reference decoys,11127313,1.93
TUMOR MAPPING/ALIGNING PER RG,227GTJLT4.ATTGCGCGGT.TTGGCTCCGC.2,Adjustment of reads matching filter contigs,NA
TUMOR MAPPING/ALIGNING PER RG,227GTJLT4.ATTGCGCGGT.TTGGCTCCGC.2,Filtered rRNA reads,NA
TUMOR MAPPING/ALIGNING PER RG,227GTJLT4.ATTGCGCGGT.TTGGCTCCGC.2,Adjustment of reads matching exclude contigs,NA
TUMOR MAPPING/ALIGNING PER RG,227GTJLT4.ATTGCGCGGT.TTGGCTCCGC.2,Mitochondrial reads excluded,NA
TUMOR MAPPING/ALIGNING PER RG,227GTJLT4.ATTGCGCGGT.TTGGCTCCGC.2,Singleton reads (itself mapped; mate unmapped),1072359,0.19
TUMOR MAPPING/ALIGNING PER RG,227GTJLT4.ATTGCGCGGT.TTGGCTCCGC.2,Paired reads (itself & mate mapped),564442384,97.69
TUMOR MAPPING/ALIGNING PER RG,227GTJLT4.ATTGCGCGGT.TTGGCTCCGC.2,Properly paired reads,563617884,97.55
TUMOR MAPPING/ALIGNING PER RG,227GTJLT4.ATTGCGCGGT.TTGGCTCCGC.2,Not properly paired reads (discordant),824500,0.14
TUMOR MAPPING/ALIGNING PER RG,227GTJLT4.ATTGCGCGGT.TTGGCTCCGC.2,Paired reads mapped to different chromosomes,431876,0.08
TUMOR MAPPING/ALIGNING PER RG,227GTJLT4.ATTGCGCGGT.TTGGCTCCGC.2,Paired reads mapped to different chromosomes (MAPQ>=10),199928,0.04
TUMOR MAPPING/ALIGNING PER RG,227GTJLT4.ATTGCGCGGT.TTGGCTCCGC.2,Reads mapping to multiple locations,26666202,4.62
TUMOR MAPPING/ALIGNING PER RG,227GTJLT4.ATTGCGCGGT.TTGGCTCCGC.2,Reads with MAPQ [40:inf),524968932,90.86
TUMOR MAPPING/ALIGNING PER RG,227GTJLT4.ATTGCGCGGT.TTGGCTCCGC.2,Reads with MAPQ [30:40),1313710,0.23
TUMOR MAPPING/ALIGNING PER RG,227GTJLT4.ATTGCGCGGT.TTGGCTCCGC.2,Reads with MAPQ [20:30),4200109,0.73
TUMOR MAPPING/ALIGNING PER RG,227GTJLT4.ATTGCGCGGT.TTGGCTCCGC.2,Reads with MAPQ [10:20),5814877,1.01
TUMOR MAPPING/ALIGNING PER RG,227GTJLT4.ATTGCGCGGT.TTGGCTCCGC.2,Reads with MAPQ [ 0:10),29217115,5.06
TUMOR MAPPING/ALIGNING PER RG,227GTJLT4.ATTGCGCGGT.TTGGCTCCGC.2,Reads with MAPQ NA (Unmapped reads),12283208,2.13
TUMOR MAPPING/ALIGNING PER RG,227GTJLT4.ATTGCGCGGT.TTGGCTCCGC.2,Reads with indel R1,9200767,3.25
TUMOR MAPPING/ALIGNING PER RG,227GTJLT4.ATTGCGCGGT.TTGGCTCCGC.2,Reads with indel R2,8924888,3.16
TUMOR MAPPING/ALIGNING PER RG,227GTJLT4.ATTGCGCGGT.TTGGCTCCGC.2,Reads with splice junction,NA
TUMOR MAPPING/ALIGNING PER RG,227GTJLT4.ATTGCGCGGT.TTGGCTCCGC.2,Total bases,85995935471
TUMOR MAPPING/ALIGNING PER RG,227GTJLT4.ATTGCGCGGT.TTGGCTCCGC.2,Total bases R1,43004692790
TUMOR MAPPING/ALIGNING PER RG,227GTJLT4.ATTGCGCGGT.TTGGCTCCGC.2,Total bases R2,42991242681
TUMOR MAPPING/ALIGNING PER RG,227GTJLT4.ATTGCGCGGT.TTGGCTCCGC.2,Mapped bases,84170219298
TUMOR MAPPING/ALIGNING PER RG,227GTJLT4.ATTGCGCGGT.TTGGCTCCGC.2,Mapped bases R1,42160751284
TUMOR MAPPING/ALIGNING PER RG,227GTJLT4.ATTGCGCGGT.TTGGCTCCGC.2,Mapped bases R2,42009468014
TUMOR MAPPING/ALIGNING PER RG,227GTJLT4.ATTGCGCGGT.TTGGCTCCGC.2,Soft-clipped bases,580165630,0.69
TUMOR MAPPING/ALIGNING PER RG,227GTJLT4.ATTGCGCGGT.TTGGCTCCGC.2,Soft-clipped bases R1,244859378,0.58
TUMOR MAPPING/ALIGNING PER RG,227GTJLT4.ATTGCGCGGT.TTGGCTCCGC.2,Soft-clipped bases R2,335306252,0.80
TUMOR MAPPING/ALIGNING PER RG,227GTJLT4.ATTGCGCGGT.TTGGCTCCGC.2,Hard-clipped bases,0,0.00
TUMOR MAPPING/ALIGNING PER RG,227GTJLT4.ATTGCGCGGT.TTGGCTCCGC.2,Hard-clipped bases R1,0,0.00
TUMOR MAPPING/ALIGNING PER RG,227GTJLT4.ATTGCGCGGT.TTGGCTCCGC.2,Hard-clipped bases R2,0,0.00
TUMOR MAPPING/ALIGNING PER RG,227GTJLT4.ATTGCGCGGT.TTGGCTCCGC.2,Mismatched bases R1,237873272,0.56
TUMOR MAPPING/ALIGNING PER RG,227GTJLT4.ATTGCGCGGT.TTGGCTCCGC.2,Mismatched bases R2,216833822,0.52
TUMOR MAPPING/ALIGNING PER RG,227GTJLT4.ATTGCGCGGT.TTGGCTCCGC.2,Mismatched bases R1 (excl. indels),209435858,0.50
TUMOR MAPPING/ALIGNING PER RG,227GTJLT4.ATTGCGCGGT.TTGGCTCCGC.2,Mismatched bases R2 (excl. indels),189441059,0.45
TUMOR MAPPING/ALIGNING PER RG,227GTJLT4.ATTGCGCGGT.TTGGCTCCGC.2,Q30 bases,80533044406,93.65
TUMOR MAPPING/ALIGNING PER RG,227GTJLT4.ATTGCGCGGT.TTGGCTCCGC.2,Q30 bases R1,40121565885,93.30
TUMOR MAPPING/ALIGNING PER RG,227GTJLT4.ATTGCGCGGT.TTGGCTCCGC.2,Q30 bases R2,40411478521,94.00
TUMOR MAPPING/ALIGNING PER RG,227GTJLT4.ATTGCGCGGT.TTGGCTCCGC.2,Q30 bases (excl. dups & clipped bases),57603062394
TUMOR MAPPING/ALIGNING PER RG,227GTJLT4.ATTGCGCGGT.TTGGCTCCGC.2,Total alignments,566175219
TUMOR MAPPING/ALIGNING PER RG,227GTJLT4.ATTGCGCGGT.TTGGCTCCGC.2,Secondary alignments,0
TUMOR MAPPING/ALIGNING PER RG,227GTJLT4.ATTGCGCGGT.TTGGCTCCGC.2,Supplementary (chimeric) alignments,660476
TUMOR MAPPING/ALIGNING PER RG,227GTJLT4.ATTGCGCGGT.TTGGCTCCGC.2,Estimated read length,148.83
TUMOR MAPPING/ALIGNING PER RG,227GTJLT4.ATTGCGCGGT.TTGGCTCCGC.2,Insert length: mean,371.51
TUMOR MAPPING/ALIGNING PER RG,227GTJLT4.ATTGCGCGGT.TTGGCTCCGC.2,Insert length: median,354.00
TUMOR MAPPING/ALIGNING PER RG,227GTJLT4.ATTGCGCGGT.TTGGCTCCGC.2,Insert length: standard deviation,138.98
TUMOR MAPPING/ALIGNING PER RG,227GTJLT4.ATTGCGCGGT.TTGGCTCCGC.3,Total reads in RG,1823137763,100.00
TUMOR MAPPING/ALIGNING PER RG,227GTJLT4.ATTGCGCGGT.TTGGCTCCGC.3,Number of duplicate marked reads,459260536,25.19
TUMOR MAPPING/ALIGNING PER RG,227GTJLT4.ATTGCGCGGT.TTGGCTCCGC.3,Number of duplicate marked and mate reads removed,NA
TUMOR MAPPING/ALIGNING PER RG,227GTJLT4.ATTGCGCGGT.TTGGCTCCGC.3,Number of unique reads (excl. duplicate marked reads),1363877227,74.81
TUMOR MAPPING/ALIGNING PER RG,227GTJLT4.ATTGCGCGGT.TTGGCTCCGC.3,Reads with mate sequenced,1823137763,100.00
TUMOR MAPPING/ALIGNING PER RG,227GTJLT4.ATTGCGCGGT.TTGGCTCCGC.3,Reads without mate sequenced,0,0.00
TUMOR MAPPING/ALIGNING PER RG,227GTJLT4.ATTGCGCGGT.TTGGCTCCGC.3,QC-failed reads,18701,0.00
TUMOR MAPPING/ALIGNING PER RG,227GTJLT4.ATTGCGCGGT.TTGGCTCCGC.3,Mapped reads,1783428329,97.82
TUMOR MAPPING/ALIGNING PER RG,227GTJLT4.ATTGCGCGGT.TTGGCTCCGC.3,Mapped reads adjusted for excluded mapping,1783428329,97.82
TUMOR MAPPING/ALIGNING PER RG,227GTJLT4.ATTGCGCGGT.TTGGCTCCGC.3,Mapped reads adjusted for filtered mapping,1818629624,99.75
TUMOR MAPPING/ALIGNING PER RG,227GTJLT4.ATTGCGCGGT.TTGGCTCCGC.3,Mapped reads adjusted for filtered and excluded mapping,1818629624,99.75
TUMOR MAPPING/ALIGNING PER RG,227GTJLT4.ATTGCGCGGT.TTGGCTCCGC.3,Mapped reads R1,893181844,97.98
TUMOR MAPPING/ALIGNING PER RG,227GTJLT4.ATTGCGCGGT.TTGGCTCCGC.3,Mapped reads R2,890246485,97.66
TUMOR MAPPING/ALIGNING PER RG,227GTJLT4.ATTGCGCGGT.TTGGCTCCGC.3,Number of unique & mapped reads (excl. duplicate marked reads),1324167793,72.63
TUMOR MAPPING/ALIGNING PER RG,227GTJLT4.ATTGCGCGGT.TTGGCTCCGC.3,Unmapped reads,39709434,2.18
TUMOR MAPPING/ALIGNING PER RG,227GTJLT4.ATTGCGCGGT.TTGGCTCCGC.3,Unmapped reads adjusted for filtered mapping,4508139,0.25
TUMOR MAPPING/ALIGNING PER RG,227GTJLT4.ATTGCGCGGT.TTGGCTCCGC.3,Unmapped reads adjusted for excluded mapping,39709434,2.18
TUMOR MAPPING/ALIGNING PER RG,227GTJLT4.ATTGCGCGGT.TTGGCTCCGC.3,Unmapped reads adjusted for filtered and excluded mapping,4508139,0.25
TUMOR MAPPING/ALIGNING PER RG,227GTJLT4.ATTGCGCGGT.TTGGCTCCGC.3,Adjustment of reads matching non-reference decoys,35201295,1.93
TUMOR MAPPING/ALIGNING PER RG,227GTJLT4.ATTGCGCGGT.TTGGCTCCGC.3,Adjustment of reads matching filter contigs,NA
TUMOR MAPPING/ALIGNING PER RG,227GTJLT4.ATTGCGCGGT.TTGGCTCCGC.3,Filtered rRNA reads,NA
TUMOR MAPPING/ALIGNING PER RG,227GTJLT4.ATTGCGCGGT.TTGGCTCCGC.3,Adjustment of reads matching exclude contigs,NA
TUMOR MAPPING/ALIGNING PER RG,227GTJLT4.ATTGCGCGGT.TTGGCTCCGC.3,Mitochondrial reads excluded,NA
TUMOR MAPPING/ALIGNING PER RG,227GTJLT4.ATTGCGCGGT.TTGGCTCCGC.3,Singleton reads (itself mapped; mate unmapped),3560819,0.20
TUMOR MAPPING/ALIGNING PER RG,227GTJLT4.ATTGCGCGGT.TTGGCTCCGC.3,Paired reads (itself & mate mapped),1779867510,97.63
TUMOR MAPPING/ALIGNING PER RG,227GTJLT4.ATTGCGCGGT.TTGGCTCCGC.3,Properly paired reads,1777368376,97.49
TUMOR MAPPING/ALIGNING PER RG,227GTJLT4.ATTGCGCGGT.TTGGCTCCGC.3,Not properly paired reads (discordant),2499134,0.14
TUMOR MAPPING/ALIGNING PER RG,227GTJLT4.ATTGCGCGGT.TTGGCTCCGC.3,Paired reads mapped to different chromosomes,1324010,0.07
TUMOR MAPPING/ALIGNING PER RG,227GTJLT4.ATTGCGCGGT.TTGGCTCCGC.3,Paired reads mapped to different chromosomes (MAPQ>=10),603340,0.03
TUMOR MAPPING/ALIGNING PER RG,227GTJLT4.ATTGCGCGGT.TTGGCTCCGC.3,Reads mapping to multiple locations,84750838,4.65
TUMOR MAPPING/ALIGNING PER RG,227GTJLT4.ATTGCGCGGT.TTGGCTCCGC.3,Reads with MAPQ [40:inf),1654714207,90.76
TUMOR MAPPING/ALIGNING PER RG,227GTJLT4.ATTGCGCGGT.TTGGCTCCGC.3,Reads with MAPQ [30:40),4290688,0.24
TUMOR MAPPING/ALIGNING PER RG,227GTJLT4.ATTGCGCGGT.TTGGCTCCGC.3,Reads with MAPQ [20:30),13363699,0.73
TUMOR MAPPING/ALIGNING PER RG,227GTJLT4.ATTGCGCGGT.TTGGCTCCGC.3,Reads with MAPQ [10:20),18263735,1.00
TUMOR MAPPING/ALIGNING PER RG,227GTJLT4.ATTGCGCGGT.TTGGCTCCGC.3,Reads with MAPQ [ 0:10),92796000,5.09
TUMOR MAPPING/ALIGNING PER RG,227GTJLT4.ATTGCGCGGT.TTGGCTCCGC.3,Reads with MAPQ NA (Unmapped reads),39709434,2.18
TUMOR MAPPING/ALIGNING PER RG,227GTJLT4.ATTGCGCGGT.TTGGCTCCGC.3,Reads with indel R1,28966890,3.24
TUMOR MAPPING/ALIGNING PER RG,227GTJLT4.ATTGCGCGGT.TTGGCTCCGC.3,Reads with indel R2,28098587,3.16
TUMOR MAPPING/ALIGNING PER RG,227GTJLT4.ATTGCGCGGT.TTGGCTCCGC.3,Reads with splice junction,NA
TUMOR MAPPING/ALIGNING PER RG,227GTJLT4.ATTGCGCGGT.TTGGCTCCGC.3,Total bases,270781902978
TUMOR MAPPING/ALIGNING PER RG,227GTJLT4.ATTGCGCGGT.TTGGCTCCGC.3,Total bases R1,135411417640
TUMOR MAPPING/ALIGNING PER RG,227GTJLT4.ATTGCGCGGT.TTGGCTCCGC.3,Total bases R2,135370485338
TUMOR MAPPING/ALIGNING PER RG,227GTJLT4.ATTGCGCGGT.TTGGCTCCGC.3,Mapped bases,264890311032
TUMOR MAPPING/ALIGNING PER RG,227GTJLT4.ATTGCGCGGT.TTGGCTCCGC.3,Mapped bases R1,132685155675
TUMOR MAPPING/ALIGNING PER RG,227GTJLT4.ATTGCGCGGT.TTGGCTCCGC.3,Mapped bases R2,132205155357
TUMOR MAPPING/ALIGNING PER RG,227GTJLT4.ATTGCGCGGT.TTGGCTCCGC.3,Soft-clipped bases,1965251897,0.74
TUMOR MAPPING/ALIGNING PER RG,227GTJLT4.ATTGCGCGGT.TTGGCTCCGC.3,Soft-clipped bases R1,821636296,0.62
TUMOR MAPPING/ALIGNING PER RG,227GTJLT4.ATTGCGCGGT.TTGGCTCCGC.3,Soft-clipped bases R2,1143615601,0.87
TUMOR MAPPING/ALIGNING PER RG,227GTJLT4.ATTGCGCGGT.TTGGCTCCGC.3,Hard-clipped bases,0,0.00
TUMOR MAPPING/ALIGNING PER RG,227GTJLT4.ATTGCGCGGT.TTGGCTCCGC.3,Hard-clipped bases R1,0,0.00
TUMOR MAPPING/ALIGNING PER RG,227GTJLT4.ATTGCGCGGT.TTGGCTCCGC.3,Hard-clipped bases R2,0,0.00
TUMOR MAPPING/ALIGNING PER RG,227GTJLT4.ATTGCGCGGT.TTGGCTCCGC.3,Mismatched bases R1,784474696,0.59
TUMOR MAPPING/ALIGNING PER RG,227GTJLT4.ATTGCGCGGT.TTGGCTCCGC.3,Mismatched bases R2,752574159,0.57
TUMOR MAPPING/ALIGNING PER RG,227GTJLT4.ATTGCGCGGT.TTGGCTCCGC.3,Mismatched bases R1 (excl. indels),694831128,0.52
TUMOR MAPPING/ALIGNING PER RG,227GTJLT4.ATTGCGCGGT.TTGGCTCCGC.3,Mismatched bases R2 (excl. indels),666258102,0.50
TUMOR MAPPING/ALIGNING PER RG,227GTJLT4.ATTGCGCGGT.TTGGCTCCGC.3,Q30 bases,251236177709,92.78
TUMOR MAPPING/ALIGNING PER RG,227GTJLT4.ATTGCGCGGT.TTGGCTCCGC.3,Q30 bases R1,125270773788,92.51
TUMOR MAPPING/ALIGNING PER RG,227GTJLT4.ATTGCGCGGT.TTGGCTCCGC.3,Q30 bases R2,125965403921,93.05
TUMOR MAPPING/ALIGNING PER RG,227GTJLT4.ATTGCGCGGT.TTGGCTCCGC.3,Q30 bases (excl. dups & clipped bases),188885908106
TUMOR MAPPING/ALIGNING PER RG,227GTJLT4.ATTGCGCGGT.TTGGCTCCGC.3,Total alignments,1785484242
TUMOR MAPPING/ALIGNING PER RG,227GTJLT4.ATTGCGCGGT.TTGGCTCCGC.3,Secondary alignments,0
TUMOR MAPPING/ALIGNING PER RG,227GTJLT4.ATTGCGCGGT.TTGGCTCCGC.3,Supplementary (chimeric) alignments,2055913
TUMOR MAPPING/ALIGNING PER RG,227GTJLT4.ATTGCGCGGT.TTGGCTCCGC.3,Estimated read length,148.53
TUMOR MAPPING/ALIGNING PER RG,227GTJLT4.ATTGCGCGGT.TTGGCTCCGC.3,Insert length: mean,358.32
TUMOR MAPPING/ALIGNING PER RG,227GTJLT4.ATTGCGCGGT.TTGGCTCCGC.3,Insert length: median,341.00
TUMOR MAPPING/ALIGNING PER RG,227GTJLT4.ATTGCGCGGT.TTGGCTCCGC.3,Insert length: standard deviation,136.45
TUMOR MAPPING/ALIGNING PER RG,227GTJLT4.ATTGCGCGGT.TTGGCTCCGC.4,Total reads in RG,1815859861,100.00
TUMOR MAPPING/ALIGNING PER RG,227GTJLT4.ATTGCGCGGT.TTGGCTCCGC.4,Number of duplicate marked reads,460731584,25.37
TUMOR MAPPING/ALIGNING PER RG,227GTJLT4.ATTGCGCGGT.TTGGCTCCGC.4,Number of duplicate marked and mate reads removed,NA
TUMOR MAPPING/ALIGNING PER RG,227GTJLT4.ATTGCGCGGT.TTGGCTCCGC.4,Number of unique reads (excl. duplicate marked reads),1355128277,74.63
TUMOR MAPPING/ALIGNING PER RG,227GTJLT4.ATTGCGCGGT.TTGGCTCCGC.4,Reads with mate sequenced,1815859861,100.00
TUMOR MAPPING/ALIGNING PER RG,227GTJLT4.ATTGCGCGGT.TTGGCTCCGC.4,Reads without mate sequenced,0,0.00
TUMOR MAPPING/ALIGNING PER RG,227GTJLT4.ATTGCGCGGT.TTGGCTCCGC.4,QC-failed reads,18823,0.00
TUMOR MAPPING/ALIGNING PER RG,227GTJLT4.ATTGCGCGGT.TTGGCTCCGC.4,Mapped reads,1776375399,97.83
TUMOR MAPPING/ALIGNING PER RG,227GTJLT4.ATTGCGCGGT.TTGGCTCCGC.4,Mapped reads adjusted for excluded mapping,1776375399,97.83
TUMOR MAPPING/ALIGNING PER RG,227GTJLT4.ATTGCGCGGT.TTGGCTCCGC.4,Mapped reads adjusted for filtered mapping,1811506995,99.76
TUMOR MAPPING/ALIGNING PER RG,227GTJLT4.ATTGCGCGGT.TTGGCTCCGC.4,Mapped reads adjusted for filtered and excluded mapping,1811506995,99.76
TUMOR MAPPING/ALIGNING PER RG,227GTJLT4.ATTGCGCGGT.TTGGCTCCGC.4,Mapped reads R1,889630591,97.98
TUMOR MAPPING/ALIGNING PER RG,227GTJLT4.ATTGCGCGGT.TTGGCTCCGC.4,Mapped reads R2,886744808,97.67
TUMOR MAPPING/ALIGNING PER RG,227GTJLT4.ATTGCGCGGT.TTGGCTCCGC.4,Number of unique & mapped reads (excl. duplicate marked reads),1315643815,72.45
TUMOR MAPPING/ALIGNING PER RG,227GTJLT4.ATTGCGCGGT.TTGGCTCCGC.4,Unmapped reads,39484462,2.17
TUMOR MAPPING/ALIGNING PER RG,227GTJLT4.ATTGCGCGGT.TTGGCTCCGC.4,Unmapped reads adjusted for filtered mapping,4352866,0.24
TUMOR MAPPING/ALIGNING PER RG,227GTJLT4.ATTGCGCGGT.TTGGCTCCGC.4,Unmapped reads adjusted for excluded mapping,39484462,2.17
TUMOR MAPPING/ALIGNING PER RG,227GTJLT4.ATTGCGCGGT.TTGGCTCCGC.4,Unmapped reads adjusted for filtered and excluded mapping,4352866,0.24
TUMOR MAPPING/ALIGNING PER RG,227GTJLT4.ATTGCGCGGT.TTGGCTCCGC.4,Adjustment of reads matching non-reference decoys,35131596,1.93
TUMOR MAPPING/ALIGNING PER RG,227GTJLT4.ATTGCGCGGT.TTGGCTCCGC.4,Adjustment of reads matching filter contigs,NA
TUMOR MAPPING/ALIGNING PER RG,227GTJLT4.ATTGCGCGGT.TTGGCTCCGC.4,Filtered rRNA reads,NA
TUMOR MAPPING/ALIGNING PER RG,227GTJLT4.ATTGCGCGGT.TTGGCTCCGC.4,Adjustment of reads matching exclude contigs,NA
TUMOR MAPPING/ALIGNING PER RG,227GTJLT4.ATTGCGCGGT.TTGGCTCCGC.4,Mitochondrial reads excluded,NA
TUMOR MAPPING/ALIGNING PER RG,227GTJLT4.ATTGCGCGGT.TTGGCTCCGC.4,Singleton reads (itself mapped; mate unmapped),3501849,0.19
TUMOR MAPPING/ALIGNING PER RG,227GTJLT4.ATTGCGCGGT.TTGGCTCCGC.4,Paired reads (itself & mate mapped),1772873550,97.63
TUMOR MAPPING/ALIGNING PER RG,227GTJLT4.ATTGCGCGGT.TTGGCTCCGC.4,Properly paired reads,1770386420,97.50
TUMOR MAPPING/ALIGNING PER RG,227GTJLT4.ATTGCGCGGT.TTGGCTCCGC.4,Not properly paired reads (discordant),2487130,0.14
TUMOR MAPPING/ALIGNING PER RG,227GTJLT4.ATTGCGCGGT.TTGGCTCCGC.4,Paired reads mapped to different chromosomes,1306518,0.07
TUMOR MAPPING/ALIGNING PER RG,227GTJLT4.ATTGCGCGGT.TTGGCTCCGC.4,Paired reads mapped to different chromosomes (MAPQ>=10),596813,0.03
TUMOR MAPPING/ALIGNING PER RG,227GTJLT4.ATTGCGCGGT.TTGGCTCCGC.4,Reads mapping to multiple locations,84375701,4.65
TUMOR MAPPING/ALIGNING PER RG,227GTJLT4.ATTGCGCGGT.TTGGCTCCGC.4,Reads with MAPQ [40:inf),1648066759,90.76
TUMOR MAPPING/ALIGNING PER RG,227GTJLT4.ATTGCGCGGT.TTGGCTCCGC.4,Reads with MAPQ [30:40),4263384,0.23
TUMOR MAPPING/ALIGNING PER RG,227GTJLT4.ATTGCGCGGT.TTGGCTCCGC.4,Reads with MAPQ [20:30),13322150,0.73
TUMOR MAPPING/ALIGNING PER RG,227GTJLT4.ATTGCGCGGT.TTGGCTCCGC.4,Reads with MAPQ [10:20),18269469,1.01
TUMOR MAPPING/ALIGNING PER RG,227GTJLT4.ATTGCGCGGT.TTGGCTCCGC.4,Reads with MAPQ [ 0:10),92453637,5.09
TUMOR MAPPING/ALIGNING PER RG,227GTJLT4.ATTGCGCGGT.TTGGCTCCGC.4,Reads with MAPQ NA (Unmapped reads),39484462,2.17
TUMOR MAPPING/ALIGNING PER RG,227GTJLT4.ATTGCGCGGT.TTGGCTCCGC.4,Reads with indel R1,28807421,3.24
TUMOR MAPPING/ALIGNING PER RG,227GTJLT4.ATTGCGCGGT.TTGGCTCCGC.4,Reads with indel R2,27998664,3.16
TUMOR MAPPING/ALIGNING PER RG,227GTJLT4.ATTGCGCGGT.TTGGCTCCGC.4,Reads with splice junction,NA
TUMOR MAPPING/ALIGNING PER RG,227GTJLT4.ATTGCGCGGT.TTGGCTCCGC.4,Total bases,269763263924
TUMOR MAPPING/ALIGNING PER RG,227GTJLT4.ATTGCGCGGT.TTGGCTCCGC.4,Total bases R1,134904579529
TUMOR MAPPING/ALIGNING PER RG,227GTJLT4.ATTGCGCGGT.TTGGCTCCGC.4,Total bases R2,134858684395
TUMOR MAPPING/ALIGNING PER RG,227GTJLT4.ATTGCGCGGT.TTGGCTCCGC.4,Mapped bases,263904186891
TUMOR MAPPING/ALIGNING PER RG,227GTJLT4.ATTGCGCGGT.TTGGCTCCGC.4,Mapped bases R1,132190725009
TUMOR MAPPING/ALIGNING PER RG,227GTJLT4.ATTGCGCGGT.TTGGCTCCGC.4,Mapped bases R2,131713461882
TUMOR MAPPING/ALIGNING PER RG,227GTJLT4.ATTGCGCGGT.TTGGCTCCGC.4,Soft-clipped bases,1945375744,0.74
TUMOR MAPPING/ALIGNING PER RG,227GTJLT4.ATTGCGCGGT.TTGGCTCCGC.4,Soft-clipped bases R1,858416800,0.65
TUMOR MAPPING/ALIGNING PER RG,227GTJLT4.ATTGCGCGGT.TTGGCTCCGC.4,Soft-clipped bases R2,1086958944,0.83
TUMOR MAPPING/ALIGNING PER RG,227GTJLT4.ATTGCGCGGT.TTGGCTCCGC.4,Hard-clipped bases,0,0.00
TUMOR MAPPING/ALIGNING PER RG,227GTJLT4.ATTGCGCGGT.TTGGCTCCGC.4,Hard-clipped bases R1,0,0.00
TUMOR MAPPING/ALIGNING PER RG,227GTJLT4.ATTGCGCGGT.TTGGCTCCGC.4,Hard-clipped bases R2,0,0.00
TUMOR MAPPING/ALIGNING PER RG,227GTJLT4.ATTGCGCGGT.TTGGCTCCGC.4,Mismatched bases R1,775966738,0.59
TUMOR MAPPING/ALIGNING PER RG,227GTJLT4.ATTGCGCGGT.TTGGCTCCGC.4,Mismatched bases R2,704801487,0.54
TUMOR MAPPING/ALIGNING PER RG,227GTJLT4.ATTGCGCGGT.TTGGCTCCGC.4,Mismatched bases R1 (excl. indels),686703947,0.52
TUMOR MAPPING/ALIGNING PER RG,227GTJLT4.ATTGCGCGGT.TTGGCTCCGC.4,Mismatched bases R2 (excl. indels),618707369,0.47
TUMOR MAPPING/ALIGNING PER RG,227GTJLT4.ATTGCGCGGT.TTGGCTCCGC.4,Q30 bases,249397160681,92.45
TUMOR MAPPING/ALIGNING PER RG,227GTJLT4.ATTGCGCGGT.TTGGCTCCGC.4,Q30 bases R1,124185735663,92.05
TUMOR MAPPING/ALIGNING PER RG,227GTJLT4.ATTGCGCGGT.TTGGCTCCGC.4,Q30 bases R2,125211425018,92.85
TUMOR MAPPING/ALIGNING PER RG,227GTJLT4.ATTGCGCGGT.TTGGCTCCGC.4,Q30 bases (excl. dups & clipped bases),187239544065
TUMOR MAPPING/ALIGNING PER RG,227GTJLT4.ATTGCGCGGT.TTGGCTCCGC.4,Total alignments,1778422620
TUMOR MAPPING/ALIGNING PER RG,227GTJLT4.ATTGCGCGGT.TTGGCTCCGC.4,Secondary alignments,0
TUMOR MAPPING/ALIGNING PER RG,227GTJLT4.ATTGCGCGGT.TTGGCTCCGC.4,Supplementary (chimeric) alignments,2047221
TUMOR MAPPING/ALIGNING PER RG,227GTJLT4.ATTGCGCGGT.TTGGCTCCGC.4,Estimated read length,148.56
TUMOR MAPPING/ALIGNING PER RG,227GTJLT4.ATTGCGCGGT.TTGGCTCCGC.4,Insert length: mean,361.18
TUMOR MAPPING/ALIGNING PER RG,227GTJLT4.ATTGCGCGGT.TTGGCTCCGC.4,Insert length: median,344.00
TUMOR MAPPING/ALIGNING PER RG,227GTJLT4.ATTGCGCGGT.TTGGCTCCGC.4,Insert length: standard deviation,137.69
TUMOR MAPPING/ALIGNING PER RG,227GTJLT4.ATTGCGCGGT.TTGGCTCCGC.5,Total reads in RG,304463971,100.00
TUMOR MAPPING/ALIGNING PER RG,227GTJLT4.ATTGCGCGGT.TTGGCTCCGC.5,Number of duplicate marked reads,64597237,21.22
TUMOR MAPPING/ALIGNING PER RG,227GTJLT4.ATTGCGCGGT.TTGGCTCCGC.5,Number of duplicate marked and mate reads removed,NA
TUMOR MAPPING/ALIGNING PER RG,227GTJLT4.ATTGCGCGGT.TTGGCTCCGC.5,Number of unique reads (excl. duplicate marked reads),239866734,78.78
TUMOR MAPPING/ALIGNING PER RG,227GTJLT4.ATTGCGCGGT.TTGGCTCCGC.5,Reads with mate sequenced,304463971,100.00
TUMOR MAPPING/ALIGNING PER RG,227GTJLT4.ATTGCGCGGT.TTGGCTCCGC.5,Reads without mate sequenced,0,0.00
TUMOR MAPPING/ALIGNING PER RG,227GTJLT4.ATTGCGCGGT.TTGGCTCCGC.5,QC-failed reads,3097,0.00
TUMOR MAPPING/ALIGNING PER RG,227GTJLT4.ATTGCGCGGT.TTGGCTCCGC.5,Mapped reads,298116999,97.92
TUMOR MAPPING/ALIGNING PER RG,227GTJLT4.ATTGCGCGGT.TTGGCTCCGC.5,Mapped reads adjusted for excluded mapping,298116999,97.92
TUMOR MAPPING/ALIGNING PER RG,227GTJLT4.ATTGCGCGGT.TTGGCTCCGC.5,Mapped reads adjusted for filtered mapping,303948356,99.83
TUMOR MAPPING/ALIGNING PER RG,227GTJLT4.ATTGCGCGGT.TTGGCTCCGC.5,Mapped reads adjusted for filtered and excluded mapping,303948356,99.83
TUMOR MAPPING/ALIGNING PER RG,227GTJLT4.ATTGCGCGGT.TTGGCTCCGC.5,Mapped reads R1,149248551,98.04
TUMOR MAPPING/ALIGNING PER RG,227GTJLT4.ATTGCGCGGT.TTGGCTCCGC.5,Mapped reads R2,148868448,97.79
TUMOR MAPPING/ALIGNING PER RG,227GTJLT4.ATTGCGCGGT.TTGGCTCCGC.5,Number of unique & mapped reads (excl. duplicate marked reads),233519762,76.70
TUMOR MAPPING/ALIGNING PER RG,227GTJLT4.ATTGCGCGGT.TTGGCTCCGC.5,Unmapped reads,6346972,2.08
TUMOR MAPPING/ALIGNING PER RG,227GTJLT4.ATTGCGCGGT.TTGGCTCCGC.5,Unmapped reads adjusted for filtered mapping,515615,0.17
TUMOR MAPPING/ALIGNING PER RG,227GTJLT4.ATTGCGCGGT.TTGGCTCCGC.5,Unmapped reads adjusted for excluded mapping,6346972,2.08
TUMOR MAPPING/ALIGNING PER RG,227GTJLT4.ATTGCGCGGT.TTGGCTCCGC.5,Unmapped reads adjusted for filtered and excluded mapping,515615,0.17
TUMOR MAPPING/ALIGNING PER RG,227GTJLT4.ATTGCGCGGT.TTGGCTCCGC.5,Adjustment of reads matching non-reference decoys,5831357,1.92
TUMOR MAPPING/ALIGNING PER RG,227GTJLT4.ATTGCGCGGT.TTGGCTCCGC.5,Adjustment of reads matching filter contigs,NA
TUMOR MAPPING/ALIGNING PER RG,227GTJLT4.ATTGCGCGGT.TTGGCTCCGC.5,Filtered rRNA reads,NA
TUMOR MAPPING/ALIGNING PER RG,227GTJLT4.ATTGCGCGGT.TTGGCTCCGC.5,Adjustment of reads matching exclude contigs,NA
TUMOR MAPPING/ALIGNING PER RG,227GTJLT4.ATTGCGCGGT.TTGGCTCCGC.5,Mitochondrial reads excluded,NA
TUMOR MAPPING/ALIGNING PER RG,227GTJLT4.ATTGCGCGGT.TTGGCTCCGC.5,Singleton reads (itself mapped; mate unmapped),469177,0.15
TUMOR MAPPING/ALIGNING PER RG,227GTJLT4.ATTGCGCGGT.TTGGCTCCGC.5,Paired reads (itself & mate mapped),297647822,97.76
TUMOR MAPPING/ALIGNING PER RG,227GTJLT4.ATTGCGCGGT.TTGGCTCCGC.5,Properly paired reads,297240212,97.63
TUMOR MAPPING/ALIGNING PER RG,227GTJLT4.ATTGCGCGGT.TTGGCTCCGC.5,Not properly paired reads (discordant),407610,0.13
TUMOR MAPPING/ALIGNING PER RG,227GTJLT4.ATTGCGCGGT.TTGGCTCCGC.5,Paired reads mapped to different chromosomes,212012,0.07
TUMOR MAPPING/ALIGNING PER RG,227GTJLT4.ATTGCGCGGT.TTGGCTCCGC.5,Paired reads mapped to different chromosomes (MAPQ>=10),96623,0.03
TUMOR MAPPING/ALIGNING PER RG,227GTJLT4.ATTGCGCGGT.TTGGCTCCGC.5,Reads mapping to multiple locations,14125497,4.64
TUMOR MAPPING/ALIGNING PER RG,227GTJLT4.ATTGCGCGGT.TTGGCTCCGC.5,Reads with MAPQ [40:inf),276632765,90.86
TUMOR MAPPING/ALIGNING PER RG,227GTJLT4.ATTGCGCGGT.TTGGCTCCGC.5,Reads with MAPQ [30:40),707121,0.23
TUMOR MAPPING/ALIGNING PER RG,227GTJLT4.ATTGCGCGGT.TTGGCTCCGC.5,Reads with MAPQ [20:30),2232612,0.73
TUMOR MAPPING/ALIGNING PER RG,227GTJLT4.ATTGCGCGGT.TTGGCTCCGC.5,Reads with MAPQ [10:20),3064456,1.01
TUMOR MAPPING/ALIGNING PER RG,227GTJLT4.ATTGCGCGGT.TTGGCTCCGC.5,Reads with MAPQ [ 0:10),15480045,5.08
TUMOR MAPPING/ALIGNING PER RG,227GTJLT4.ATTGCGCGGT.TTGGCTCCGC.5,Reads with MAPQ NA (Unmapped reads),6346972,2.08
TUMOR MAPPING/ALIGNING PER RG,227GTJLT4.ATTGCGCGGT.TTGGCTCCGC.5,Reads with indel R1,4784598,3.21
TUMOR MAPPING/ALIGNING PER RG,227GTJLT4.ATTGCGCGGT.TTGGCTCCGC.5,Reads with indel R2,4669101,3.14
TUMOR MAPPING/ALIGNING PER RG,227GTJLT4.ATTGCGCGGT.TTGGCTCCGC.5,Reads with splice junction,NA
TUMOR MAPPING/ALIGNING PER RG,227GTJLT4.ATTGCGCGGT.TTGGCTCCGC.5,Total bases,45254221062
TUMOR MAPPING/ALIGNING PER RG,227GTJLT4.ATTGCGCGGT.TTGGCTCCGC.5,Total bases R1,22631318772
TUMOR MAPPING/ALIGNING PER RG,227GTJLT4.ATTGCGCGGT.TTGGCTCCGC.5,Total bases R2,22622902290
TUMOR MAPPING/ALIGNING PER RG,227GTJLT4.ATTGCGCGGT.TTGGCTCCGC.5,Mapped bases,44312534077
TUMOR MAPPING/ALIGNING PER RG,227GTJLT4.ATTGCGCGGT.TTGGCTCCGC.5,Mapped bases R1,22188783777
TUMOR MAPPING/ALIGNING PER RG,227GTJLT4.ATTGCGCGGT.TTGGCTCCGC.5,Mapped bases R2,22123750300
TUMOR MAPPING/ALIGNING PER RG,227GTJLT4.ATTGCGCGGT.TTGGCTCCGC.5,Soft-clipped bases,277736905,0.63
TUMOR MAPPING/ALIGNING PER RG,227GTJLT4.ATTGCGCGGT.TTGGCTCCGC.5,Soft-clipped bases R1,121007715,0.55
TUMOR MAPPING/ALIGNING PER RG,227GTJLT4.ATTGCGCGGT.TTGGCTCCGC.5,Soft-clipped bases R2,156729190,0.71
TUMOR MAPPING/ALIGNING PER RG,227GTJLT4.ATTGCGCGGT.TTGGCTCCGC.5,Hard-clipped bases,0,0.00
TUMOR MAPPING/ALIGNING PER RG,227GTJLT4.ATTGCGCGGT.TTGGCTCCGC.5,Hard-clipped bases R1,0,0.00
TUMOR MAPPING/ALIGNING PER RG,227GTJLT4.ATTGCGCGGT.TTGGCTCCGC.5,Hard-clipped bases R2,0,0.00
TUMOR MAPPING/ALIGNING PER RG,227GTJLT4.ATTGCGCGGT.TTGGCTCCGC.5,Mismatched bases R1,132029643,0.60
TUMOR MAPPING/ALIGNING PER RG,227GTJLT4.ATTGCGCGGT.TTGGCTCCGC.5,Mismatched bases R2,111449372,0.50
TUMOR MAPPING/ALIGNING PER RG,227GTJLT4.ATTGCGCGGT.TTGGCTCCGC.5,Mismatched bases R1 (excl. indels),117232012,0.53
TUMOR MAPPING/ALIGNING PER RG,227GTJLT4.ATTGCGCGGT.TTGGCTCCGC.5,Mismatched bases R2 (excl. indels),97087244,0.44
TUMOR MAPPING/ALIGNING PER RG,227GTJLT4.ATTGCGCGGT.TTGGCTCCGC.5,Q30 bases,41960097692,92.72
TUMOR MAPPING/ALIGNING PER RG,227GTJLT4.ATTGCGCGGT.TTGGCTCCGC.5,Q30 bases R1,20820597030,92.00
TUMOR MAPPING/ALIGNING PER RG,227GTJLT4.ATTGCGCGGT.TTGGCTCCGC.5,Q30 bases R2,21139500662,93.44
TUMOR MAPPING/ALIGNING PER RG,227GTJLT4.ATTGCGCGGT.TTGGCTCCGC.5,Q30 bases (excl. dups & clipped bases),33228974518
TUMOR MAPPING/ALIGNING PER RG,227GTJLT4.ATTGCGCGGT.TTGGCTCCGC.5,Total alignments,298441653
TUMOR MAPPING/ALIGNING PER RG,227GTJLT4.ATTGCGCGGT.TTGGCTCCGC.5,Secondary alignments,0
TUMOR MAPPING/ALIGNING PER RG,227GTJLT4.ATTGCGCGGT.TTGGCTCCGC.5,Supplementary (chimeric) alignments,324654
TUMOR MAPPING/ALIGNING PER RG,227GTJLT4.ATTGCGCGGT.TTGGCTCCGC.5,Estimated read length,148.64
TUMOR MAPPING/ALIGNING PER RG,227GTJLT4.ATTGCGCGGT.TTGGCTCCGC.5,Insert length: mean,356.00
TUMOR MAPPING/ALIGNING PER RG,227GTJLT4.ATTGCGCGGT.TTGGCTCCGC.5,Insert length: median,339.00
TUMOR MAPPING/ALIGNING PER RG,227GTJLT4.ATTGCGCGGT.TTGGCTCCGC.5,Insert length: standard deviation,133.33
NORMAL MAPPING/ALIGNING PER RG,227GTJLT4.AACACTGTTA.GCAAGTCTCA.2,Total reads in RG,1312919600,100.00
NORMAL MAPPING/ALIGNING PER RG,227GTJLT4.AACACTGTTA.GCAAGTCTCA.2,Number of duplicate marked reads,364444825,27.76
NORMAL MAPPING/ALIGNING PER RG,227GTJLT4.AACACTGTTA.GCAAGTCTCA.2,Number of duplicate marked and mate reads removed,NA
NORMAL MAPPING/ALIGNING PER RG,227GTJLT4.AACACTGTTA.GCAAGTCTCA.2,Number of unique reads (excl. duplicate marked reads),948474775,72.24
NORMAL MAPPING/ALIGNING PER RG,227GTJLT4.AACACTGTTA.GCAAGTCTCA.2,Reads with mate sequenced,1312919600,100.00
NORMAL MAPPING/ALIGNING PER RG,227GTJLT4.AACACTGTTA.GCAAGTCTCA.2,Reads without mate sequenced,0,0.00
NORMAL MAPPING/ALIGNING PER RG,227GTJLT4.AACACTGTTA.GCAAGTCTCA.2,QC-failed reads,11772,0.00
NORMAL MAPPING/ALIGNING PER RG,227GTJLT4.AACACTGTTA.GCAAGTCTCA.2,Mapped reads,1284013680,97.80
NORMAL MAPPING/ALIGNING PER RG,227GTJLT4.AACACTGTTA.GCAAGTCTCA.2,Mapped reads adjusted for excluded mapping,1284013680,97.80
NORMAL MAPPING/ALIGNING PER RG,227GTJLT4.AACACTGTTA.GCAAGTCTCA.2,Mapped reads adjusted for filtered mapping,1308987518,99.70
NORMAL MAPPING/ALIGNING PER RG,227GTJLT4.AACACTGTTA.GCAAGTCTCA.2,Mapped reads adjusted for filtered and excluded mapping,1308987518,99.70
NORMAL MAPPING/ALIGNING PER RG,227GTJLT4.AACACTGTTA.GCAAGTCTCA.2,Mapped reads R1,643486615,98.02
NORMAL MAPPING/ALIGNING PER RG,227GTJLT4.AACACTGTTA.GCAAGTCTCA.2,Mapped reads R2,640527065,97.57
NORMAL MAPPING/ALIGNING PER RG,227GTJLT4.AACACTGTTA.GCAAGTCTCA.2,Number of unique & mapped reads (excl. duplicate marked reads),919568855,70.04
NORMAL MAPPING/ALIGNING PER RG,227GTJLT4.AACACTGTTA.GCAAGTCTCA.2,Unmapped reads,28905920,2.20
NORMAL MAPPING/ALIGNING PER RG,227GTJLT4.AACACTGTTA.GCAAGTCTCA.2,Unmapped reads adjusted for filtered mapping,3932082,0.30
NORMAL MAPPING/ALIGNING PER RG,227GTJLT4.AACACTGTTA.GCAAGTCTCA.2,Unmapped reads adjusted for excluded mapping,28905920,2.20
NORMAL MAPPING/ALIGNING PER RG,227GTJLT4.AACACTGTTA.GCAAGTCTCA.2,Unmapped reads adjusted for filtered and excluded mapping,3932082,0.30
NORMAL MAPPING/ALIGNING PER RG,227GTJLT4.AACACTGTTA.GCAAGTCTCA.2,Adjustment of reads matching non-reference decoys,24973838,1.90
NORMAL MAPPING/ALIGNING PER RG,227GTJLT4.AACACTGTTA.GCAAGTCTCA.2,Adjustment of reads matching filter contigs,NA
NORMAL MAPPING/ALIGNING PER RG,227GTJLT4.AACACTGTTA.GCAAGTCTCA.2,Filtered rRNA reads,NA
NORMAL MAPPING/ALIGNING PER RG,227GTJLT4.AACACTGTTA.GCAAGTCTCA.2,Adjustment of reads matching exclude contigs,NA
NORMAL MAPPING/ALIGNING PER RG,227GTJLT4.AACACTGTTA.GCAAGTCTCA.2,Mitochondrial reads excluded,NA
NORMAL MAPPING/ALIGNING PER RG,227GTJLT4.AACACTGTTA.GCAAGTCTCA.2,Singleton reads (itself mapped; mate unmapped),3381440,0.26
NORMAL MAPPING/ALIGNING PER RG,227GTJLT4.AACACTGTTA.GCAAGTCTCA.2,Paired reads (itself & mate mapped),1280632240,97.54
NORMAL MAPPING/ALIGNING PER RG,227GTJLT4.AACACTGTTA.GCAAGTCTCA.2,Properly paired reads,1278994140,97.42
NORMAL MAPPING/ALIGNING PER RG,227GTJLT4.AACACTGTTA.GCAAGTCTCA.2,Not properly paired reads (discordant),1638100,0.12
NORMAL MAPPING/ALIGNING PER RG,227GTJLT4.AACACTGTTA.GCAAGTCTCA.2,Paired reads mapped to different chromosomes,887448,0.07
NORMAL MAPPING/ALIGNING PER RG,227GTJLT4.AACACTGTTA.GCAAGTCTCA.2,Paired reads mapped to different chromosomes (MAPQ>=10),395316,0.03
NORMAL MAPPING/ALIGNING PER RG,227GTJLT4.AACACTGTTA.GCAAGTCTCA.2,Reads mapping to multiple locations,59399113,4.52
NORMAL MAPPING/ALIGNING PER RG,227GTJLT4.AACACTGTTA.GCAAGTCTCA.2,Reads with MAPQ [40:inf),1193641376,90.92
NORMAL MAPPING/ALIGNING PER RG,227GTJLT4.AACACTGTTA.GCAAGTCTCA.2,Reads with MAPQ [30:40),2955934,0.23
NORMAL MAPPING/ALIGNING PER RG,227GTJLT4.AACACTGTTA.GCAAGTCTCA.2,Reads with MAPQ [20:30),9421221,0.72
NORMAL MAPPING/ALIGNING PER RG,227GTJLT4.AACACTGTTA.GCAAGTCTCA.2,Reads with MAPQ [10:20),12965995,0.99
NORMAL MAPPING/ALIGNING PER RG,227GTJLT4.AACACTGTTA.GCAAGTCTCA.2,Reads with MAPQ [ 0:10),65029154,4.95
NORMAL MAPPING/ALIGNING PER RG,227GTJLT4.AACACTGTTA.GCAAGTCTCA.2,Reads with MAPQ NA (Unmapped reads),28905920,2.20
NORMAL MAPPING/ALIGNING PER RG,227GTJLT4.AACACTGTTA.GCAAGTCTCA.2,Reads with indel R1,20934133,3.25
NORMAL MAPPING/ALIGNING PER RG,227GTJLT4.AACACTGTTA.GCAAGTCTCA.2,Reads with indel R2,20256174,3.16
NORMAL MAPPING/ALIGNING PER RG,227GTJLT4.AACACTGTTA.GCAAGTCTCA.2,Reads with splice junction,NA
NORMAL MAPPING/ALIGNING PER RG,227GTJLT4.AACACTGTTA.GCAAGTCTCA.2,Total bases,195389448130
NORMAL MAPPING/ALIGNING PER RG,227GTJLT4.AACACTGTTA.GCAAGTCTCA.2,Total bases R1,97713315108
NORMAL MAPPING/ALIGNING PER RG,227GTJLT4.AACACTGTTA.GCAAGTCTCA.2,Total bases R2,97676133022
NORMAL MAPPING/ALIGNING PER RG,227GTJLT4.AACACTGTTA.GCAAGTCTCA.2,Mapped bases,191090983897
NORMAL MAPPING/ALIGNING PER RG,227GTJLT4.AACACTGTTA.GCAAGTCTCA.2,Mapped bases R1,95785725462
NORMAL MAPPING/ALIGNING PER RG,227GTJLT4.AACACTGTTA.GCAAGTCTCA.2,Mapped bases R2,95305258435
NORMAL MAPPING/ALIGNING PER RG,227GTJLT4.AACACTGTTA.GCAAGTCTCA.2,Soft-clipped bases,1234178451,0.65
NORMAL MAPPING/ALIGNING PER RG,227GTJLT4.AACACTGTTA.GCAAGTCTCA.2,Soft-clipped bases R1,515908975,0.54
NORMAL MAPPING/ALIGNING PER RG,227GTJLT4.AACACTGTTA.GCAAGTCTCA.2,Soft-clipped bases R2,718269476,0.75
NORMAL MAPPING/ALIGNING PER RG,227GTJLT4.AACACTGTTA.GCAAGTCTCA.2,Hard-clipped bases,0,0.00
NORMAL MAPPING/ALIGNING PER RG,227GTJLT4.AACACTGTTA.GCAAGTCTCA.2,Hard-clipped bases R1,0,0.00
NORMAL MAPPING/ALIGNING PER RG,227GTJLT4.AACACTGTTA.GCAAGTCTCA.2,Hard-clipped bases R2,0,0.00
NORMAL MAPPING/ALIGNING PER RG,227GTJLT4.AACACTGTTA.GCAAGTCTCA.2,Mismatched bases R1,489667827,0.51
NORMAL MAPPING/ALIGNING PER RG,227GTJLT4.AACACTGTTA.GCAAGTCTCA.2,Mismatched bases R2,528543145,0.55
NORMAL MAPPING/ALIGNING PER RG,227GTJLT4.AACACTGTTA.GCAAGTCTCA.2,Mismatched bases R1 (excl. indels),425374674,0.44
NORMAL MAPPING/ALIGNING PER RG,227GTJLT4.AACACTGTTA.GCAAGTCTCA.2,Mismatched bases R2 (excl. indels),466897218,0.49
NORMAL MAPPING/ALIGNING PER RG,227GTJLT4.AACACTGTTA.GCAAGTCTCA.2,Q30 bases,183047858724,93.68
NORMAL MAPPING/ALIGNING PER RG,227GTJLT4.AACACTGTTA.GCAAGTCTCA.2,Q30 bases R1,92242603818,94.40
NORMAL MAPPING/ALIGNING PER RG,227GTJLT4.AACACTGTTA.GCAAGTCTCA.2,Q30 bases R2,90805254906,92.97
NORMAL MAPPING/ALIGNING PER RG,227GTJLT4.AACACTGTTA.GCAAGTCTCA.2,Q30 bases (excl. dups & clipped bases),132950891076
NORMAL MAPPING/ALIGNING PER RG,227GTJLT4.AACACTGTTA.GCAAGTCTCA.2,Total alignments,1285348015
NORMAL MAPPING/ALIGNING PER RG,227GTJLT4.AACACTGTTA.GCAAGTCTCA.2,Secondary alignments,0
NORMAL MAPPING/ALIGNING PER RG,227GTJLT4.AACACTGTTA.GCAAGTCTCA.2,Supplementary (chimeric) alignments,1334335
NORMAL MAPPING/ALIGNING PER RG,227GTJLT4.AACACTGTTA.GCAAGTCTCA.2,Estimated read length,148.82
NORMAL MAPPING/ALIGNING PER RG,227GTJLT4.AACACTGTTA.GCAAGTCTCA.2,Insert length: mean,368.96
NORMAL MAPPING/ALIGNING PER RG,227GTJLT4.AACACTGTTA.GCAAGTCTCA.2,Insert length: median,351.00
NORMAL MAPPING/ALIGNING PER RG,227GTJLT4.AACACTGTTA.GCAAGTCTCA.2,Insert length: standard deviation,139.22
